PassengerId,Survived,Age,SibSp,Parch,Fare,Cabin_No,Cabin_Yes,Embarked_C,Embarked_Q,Embarked_S,Sex_female,Sex_male,Pclass_1,Pclass_2,Pclass_3
1,0,22.0,1,0,7.25,1.0,0.0,0.0,0.0,1.0,0.0,1.0,0.0,0.0,1.0
2,1,38.0,1,0,71.2833,0.0,1.0,1.0,0.0,0.0,1.0,0.0,1.0,0.0,0.0
3,1,26.0,0,0,7.925,1.0,0.0,0.0,0.0,1.0,1.0,0.0,0.0,0.0,1.0
4,1,35.0,1,0,53.1,0.0,1.0,0.0,0.0,1.0,1.0,0.0,1.0,0.0,0.0
5,0,35.0,0,0,8.05,1.0,0.0,0.0,0.0,1.0,0.0,1.0,0.0,0.0,1.0
6,0,23.828952586083506,0,0,8.4583,1.0,0.0,0.0,1.0,0.0,0.0,1.0,0.0,0.0,1.0
7,0,54.0,0,0,51.8625,0.0,1.0,0.0,0.0,1.0,0.0,1.0,1.0,0.0,0.0
8,0,2.0,3,1,21.075,1.0,0.0,0.0,0.0,1.0,0.0,1.0,0.0,0.0,1.0
9,1,27.0,0,2,11.1333,1.0,0.0,0.0,0.0,1.0,1.0,0.0,0.0,0.0,1.0
10,1,14.0,1,0,30.0708,1.0,0.0,1.0,0.0,0.0,1.0,0.0,0.0,1.0,0.0
11,1,4.0,1,1,16.7,0.0,1.0,0.0,0.0,1.0,1.0,0.0,0.0,0.0,1.0
12,1,58.0,0,0,26.55,0.0,1.0,0.0,0.0,1.0,1.0,0.0,1.0,0.0,0.0
13,0,20.0,0,0,8.05,1.0,0.0,0.0,0.0,1.0,0.0,1.0,0.0,0.0,1.0
14,0,39.0,1,5,31.275,1.0,0.0,0.0,0.0,1.0,0.0,1.0,0.0,0.0,1.0
15,0,14.0,0,0,7.8542,1.0,0.0,0.0,0.0,1.0,1.0,0.0,0.0,0.0,1.0
16,1,55.0,0,0,16.0,1.0,0.0,0.0,0.0,1.0,1.0,0.0,0.0,1.0,0.0
17,0,2.0,4,1,29.125,1.0,0.0,0.0,1.0,0.0,0.0,1.0,0.0,0.0,1.0
18,1,32.06649305006158,0,0,13.0,1.0,0.0,0.0,0.0,1.0,0.0,1.0,0.0,1.0,0.0
19,0,31.0,1,0,18.0,1.0,0.0,0.0,0.0,1.0,1.0,0.0,0.0,0.0,1.0
20,1,29.518205142080145,0,0,7.225,1.0,0.0,1.0,0.0,0.0,1.0,0.0,0.0,0.0,1.0
21,0,35.0,0,0,26.0,1.0,0.0,0.0,0.0,1.0,0.0,1.0,0.0,1.0,0.0
22,1,34.0,0,0,13.0,0.0,1.0,0.0,0.0,1.0,0.0,1.0,0.0,1.0,0.0
23,1,15.0,0,0,8.0292,1.0,0.0,0.0,1.0,0.0,1.0,0.0,0.0,0.0,1.0
24,1,28.0,0,0,35.5,0.0,1.0,0.0,0.0,1.0,0.0,1.0,1.0,0.0,0.0
25,0,8.0,3,1,21.075,1.0,0.0,0.0,0.0,1.0,1.0,0.0,0.0,0.0,1.0
26,1,38.0,1,5,31.3875,1.0,0.0,0.0,0.0,1.0,1.0,0.0,0.0,0.0,1.0
27,0,29.518205142080145,0,0,7.225,1.0,0.0,1.0,0.0,0.0,0.0,1.0,0.0,0.0,1.0
28,0,19.0,3,2,263.0,0.0,1.0,0.0,0.0,1.0,0.0,1.0,1.0,0.0,0.0
29,1,22.380113238826777,0,0,7.8792,1.0,0.0,0.0,1.0,0.0,1.0,0.0,0.0,0.0,1.0
30,0,27.947206162930836,0,0,7.8958,1.0,0.0,0.0,0.0,1.0,0.0,1.0,0.0,0.0,1.0
31,0,40.0,0,0,27.7208,1.0,0.0,1.0,0.0,0.0,0.0,1.0,1.0,0.0,0.0
32,1,36.10888155555557,1,0,146.5208,0.0,1.0,1.0,0.0,0.0,1.0,0.0,1.0,0.0,0.0
33,1,35.29582429902352,0,0,7.75,1.0,0.0,0.0,1.0,0.0,1.0,0.0,0.0,0.0,1.0
34,0,66.0,0,0,10.5,1.0,0.0,0.0,0.0,1.0,0.0,1.0,0.0,1.0,0.0
35,0,28.0,1,0,82.1708,1.0,0.0,1.0,0.0,0.0,0.0,1.0,1.0,0.0,0.0
36,0,42.0,1,0,52.0,1.0,0.0,0.0,0.0,1.0,0.0,1.0,1.0,0.0,0.0
37,1,22.876306861888096,0,0,7.2292,1.0,0.0,1.0,0.0,0.0,0.0,1.0,0.0,0.0,1.0
38,0,21.0,0,0,8.05,1.0,0.0,0.0,0.0,1.0,0.0,1.0,0.0,0.0,1.0
39,0,18.0,2,0,18.0,1.0,0.0,0.0,0.0,1.0,1.0,0.0,0.0,0.0,1.0
40,1,14.0,1,0,11.2417,1.0,0.0,1.0,0.0,0.0,1.0,0.0,0.0,0.0,1.0
41,0,40.0,1,0,9.475,1.0,0.0,0.0,0.0,1.0,1.0,0.0,0.0,0.0,1.0
42,0,27.0,1,0,21.0,1.0,0.0,0.0,0.0,1.0,1.0,0.0,0.0,1.0,0.0
43,0,27.947206162930836,0,0,7.8958,1.0,0.0,1.0,0.0,0.0,0.0,1.0,0.0,0.0,1.0
44,1,3.0,1,2,41.5792,1.0,0.0,1.0,0.0,0.0,1.0,0.0,0.0,1.0,0.0
45,1,19.0,0,0,7.8792,1.0,0.0,0.0,1.0,0.0,1.0,0.0,0.0,0.0,1.0
46,0,30.70572677927052,0,0,8.05,1.0,0.0,0.0,0.0,1.0,0.0,1.0,0.0,0.0,1.0
47,0,33.1283186868687,1,0,15.5,1.0,0.0,0.0,1.0,0.0,0.0,1.0,0.0,0.0,1.0
48,1,35.29582429902352,0,0,7.75,1.0,0.0,0.0,1.0,0.0,1.0,0.0,0.0,0.0,1.0
49,0,23.458620833333335,2,0,21.6792,1.0,0.0,1.0,0.0,0.0,0.0,1.0,0.0,0.0,1.0
50,0,18.0,1,0,17.8,1.0,0.0,0.0,0.0,1.0,1.0,0.0,0.0,0.0,1.0
51,0,7.0,4,1,39.6875,1.0,0.0,0.0,0.0,1.0,0.0,1.0,0.0,0.0,1.0
52,0,21.0,0,0,7.8,1.0,0.0,0.0,0.0,1.0,0.0,1.0,0.0,0.0,1.0
53,1,49.0,1,0,76.7292,0.0,1.0,1.0,0.0,0.0,1.0,0.0,1.0,0.0,0.0
54,1,29.0,1,0,26.0,1.0,0.0,0.0,0.0,1.0,1.0,0.0,0.0,1.0,0.0
55,0,65.0,0,1,61.9792,0.0,1.0,1.0,0.0,0.0,0.0,1.0,1.0,0.0,0.0
56,1,44.064830357142846,0,0,35.5,0.0,1.0,0.0,0.0,1.0,0.0,1.0,1.0,0.0,0.0
57,1,21.0,0,0,10.5,1.0,0.0,0.0,0.0,1.0,1.0,0.0,0.0,1.0,0.0
58,0,28.5,0,0,7.2292,1.0,0.0,1.0,0.0,0.0,0.0,1.0,0.0,0.0,1.0
59,1,5.0,1,2,27.75,1.0,0.0,0.0,0.0,1.0,1.0,0.0,0.0,1.0,0.0
60,0,11.0,5,2,46.9,1.0,0.0,0.0,0.0,1.0,0.0,1.0,0.0,0.0,1.0
61,0,22.0,0,0,7.2292,1.0,0.0,1.0,0.0,0.0,0.0,1.0,0.0,0.0,1.0
62,1,38.0,0,0,80.0,0.0,1.0,0.0,0.0,0.0,1.0,0.0,1.0,0.0,0.0
63,0,45.0,1,0,83.475,0.0,1.0,0.0,0.0,1.0,0.0,1.0,1.0,0.0,0.0
64,0,4.0,3,2,27.9,1.0,0.0,0.0,0.0,1.0,0.0,1.0,0.0,0.0,1.0
65,0,41.200088477638616,0,0,27.7208,1.0,0.0,1.0,0.0,0.0,0.0,1.0,1.0,0.0,0.0
66,1,17.090249285714286,1,1,15.2458,1.0,0.0,1.0,0.0,0.0,0.0,1.0,0.0,0.0,1.0
67,1,29.0,0,0,10.5,0.0,1.0,0.0,0.0,1.0,1.0,0.0,0.0,1.0,0.0
68,0,19.0,0,0,8.1583,1.0,0.0,0.0,0.0,1.0,0.0,1.0,0.0,0.0,1.0
69,1,17.0,4,2,7.925,1.0,0.0,0.0,0.0,1.0,1.0,0.0,0.0,0.0,1.0
70,0,26.0,2,0,8.6625,1.0,0.0,0.0,0.0,1.0,0.0,1.0,0.0,0.0,1.0
71,0,32.0,0,0,10.5,1.0,0.0,0.0,0.0,1.0,0.0,1.0,0.0,1.0,0.0
72,0,16.0,5,2,46.9,1.0,0.0,0.0,0.0,1.0,1.0,0.0,0.0,0.0,1.0
73,0,21.0,0,0,73.5,1.0,0.0,0.0,0.0,1.0,0.0,1.0,0.0,1.0,0.0
74,0,26.0,1,0,14.4542,1.0,0.0,1.0,0.0,0.0,0.0,1.0,0.0,0.0,1.0
75,1,32.0,0,0,56.4958,1.0,0.0,0.0,0.0,1.0,0.0,1.0,0.0,0.0,1.0
76,0,25.0,0,0,7.65,0.0,1.0,0.0,0.0,1.0,0.0,1.0,0.0,0.0,1.0
77,0,27.947206162930836,0,0,7.8958,1.0,0.0,0.0,0.0,1.0,0.0,1.0,0.0,0.0,1.0
78,0,30.70572677927052,0,0,8.05,1.0,0.0,0.0,0.0,1.0,0.0,1.0,0.0,0.0,1.0
79,1,0.83,0,2,29.0,1.0,0.0,0.0,0.0,1.0,0.0,1.0,0.0,1.0,0.0
80,1,30.0,0,0,12.475,1.0,0.0,0.0,0.0,1.0,1.0,0.0,0.0,0.0,1.0
81,0,22.0,0,0,9.0,1.0,0.0,0.0,0.0,1.0,0.0,1.0,0.0,0.0,1.0
82,1,29.0,0,0,9.5,1.0,0.0,0.0,0.0,1.0,0.0,1.0,0.0,0.0,1.0
83,1,23.322627388583673,0,0,7.7875,1.0,0.0,0.0,1.0,0.0,1.0,0.0,0.0,0.0,1.0
84,0,28.0,0,0,47.1,1.0,0.0,0.0,0.0,1.0,0.0,1.0,1.0,0.0,0.0
85,1,17.0,0,0,10.5,1.0,0.0,0.0,0.0,1.0,1.0,0.0,0.0,1.0,0.0
86,1,33.0,3,0,15.85,1.0,0.0,0.0,0.0,1.0,1.0,0.0,0.0,0.0,1.0
87,0,16.0,1,3,34.375,1.0,0.0,0.0,0.0,1.0,0.0,1.0,0.0,0.0,1.0
88,0,30.70572677927052,0,0,8.05,1.0,0.0,0.0,0.0,1.0,0.0,1.0,0.0,0.0,1.0
89,1,23.0,3,2,263.0,0.0,1.0,0.0,0.0,1.0,1.0,0.0,1.0,0.0,0.0
90,0,24.0,0,0,8.05,1.0,0.0,0.0,0.0,1.0,0.0,1.0,0.0,0.0,1.0
91,0,29.0,0,0,8.05,1.0,0.0,0.0,0.0,1.0,0.0,1.0,0.0,0.0,1.0
92,0,20.0,0,0,7.8542,1.0,0.0,0.0,0.0,1.0,0.0,1.0,0.0,0.0,1.0
93,0,46.0,1,0,61.175,0.0,1.0,0.0,0.0,1.0,0.0,1.0,1.0,0.0,0.0
94,0,26.0,1,2,20.575,1.0,0.0,0.0,0.0,1.0,0.0,1.0,0.0,0.0,1.0
95,0,59.0,0,0,7.25,1.0,0.0,0.0,0.0,1.0,0.0,1.0,0.0,0.0,1.0
96,0,30.70572677927052,0,0,8.05,1.0,0.0,0.0,0.0,1.0,0.0,1.0,0.0,0.0,1.0
97,0,71.0,0,0,34.6542,0.0,1.0,1.0,0.0,0.0,0.0,1.0,1.0,0.0,0.0
98,1,23.0,0,1,63.3583,0.0,1.0,1.0,0.0,0.0,0.0,1.0,1.0,0.0,0.0
99,1,34.0,0,1,23.0,1.0,0.0,0.0,0.0,1.0,1.0,0.0,0.0,1.0,0.0
100,0,34.0,1,0,26.0,1.0,0.0,0.0,0.0,1.0,0.0,1.0,0.0,1.0,0.0
101,0,28.0,0,0,7.8958,1.0,0.0,0.0,0.0,1.0,1.0,0.0,0.0,0.0,1.0
102,0,27.947206162930836,0,0,7.8958,1.0,0.0,0.0,0.0,1.0,0.0,1.0,0.0,0.0,1.0
103,0,21.0,0,1,77.2875,0.0,1.0,0.0,0.0,1.0,0.0,1.0,1.0,0.0,0.0
104,0,33.0,0,0,8.6542,1.0,0.0,0.0,0.0,1.0,0.0,1.0,0.0,0.0,1.0
105,0,37.0,2,0,7.925,1.0,0.0,0.0,0.0,1.0,0.0,1.0,0.0,0.0,1.0
106,0,28.0,0,0,7.8958,1.0,0.0,0.0,0.0,1.0,0.0,1.0,0.0,0.0,1.0
107,1,21.0,0,0,7.65,1.0,0.0,0.0,0.0,1.0,1.0,0.0,0.0,0.0,1.0
108,1,27.51545426285116,0,0,7.775,1.0,0.0,0.0,0.0,1.0,0.0,1.0,0.0,0.0,1.0
109,0,38.0,0,0,7.8958,1.0,0.0,0.0,0.0,1.0,0.0,1.0,0.0,0.0,1.0
110,1,33.54315507564331,1,0,24.15,1.0,0.0,0.0,1.0,0.0,1.0,0.0,0.0,0.0,1.0
111,0,47.0,0,0,52.0,0.0,1.0,0.0,0.0,1.0,0.0,1.0,1.0,0.0,0.0
112,0,14.5,1,0,14.4542,1.0,0.0,1.0,0.0,0.0,1.0,0.0,0.0,0.0,1.0
113,0,22.0,0,0,8.05,1.0,0.0,0.0,0.0,1.0,0.0,1.0,0.0,0.0,1.0
114,0,20.0,1,0,9.825,1.0,0.0,0.0,0.0,1.0,1.0,0.0,0.0,0.0,1.0
115,0,17.0,0,0,14.4583,1.0,0.0,1.0,0.0,0.0,1.0,0.0,0.0,0.0,1.0
116,0,21.0,0,0,7.925,1.0,0.0,0.0,0.0,1.0,0.0,1.0,0.0,0.0,1.0
117,0,70.5,0,0,7.75,1.0,0.0,0.0,1.0,0.0,0.0,1.0,0.0,0.0,1.0
118,0,29.0,1,0,21.0,1.0,0.0,0.0,0.0,1.0,0.0,1.0,0.0,1.0,0.0
119,0,24.0,0,1,247.5208,0.0,1.0,1.0,0.0,0.0,0.0,1.0,1.0,0.0,0.0
120,0,2.0,4,2,31.275,1.0,0.0,0.0,0.0,1.0,1.0,0.0,0.0,0.0,1.0
121,0,21.0,2,0,73.5,1.0,0.0,0.0,0.0,1.0,0.0,1.0,0.0,1.0,0.0
122,0,30.70572677927052,0,0,8.05,1.0,0.0,0.0,0.0,1.0,0.0,1.0,0.0,0.0,1.0
123,0,32.5,1,0,30.0708,1.0,0.0,1.0,0.0,0.0,0.0,1.0,0.0,1.0,0.0
124,1,32.5,0,0,13.0,0.0,1.0,0.0,0.0,1.0,1.0,0.0,0.0,1.0,0.0
125,0,54.0,0,1,77.2875,0.0,1.0,0.0,0.0,1.0,0.0,1.0,1.0,0.0,0.0
126,1,12.0,1,0,11.2417,1.0,0.0,1.0,0.0,0.0,0.0,1.0,0.0,0.0,1.0
127,0,35.29582429902352,0,0,7.75,1.0,0.0,0.0,1.0,0.0,0.0,1.0,0.0,0.0,1.0
128,1,24.0,0,0,7.1417,1.0,0.0,0.0,0.0,1.0,0.0,1.0,0.0,0.0,1.0
129,1,25.793501984126994,1,1,22.3583,0.0,1.0,1.0,0.0,0.0,1.0,0.0,0.0,0.0,1.0
130,0,45.0,0,0,6.975,1.0,0.0,0.0,0.0,1.0,0.0,1.0,0.0,0.0,1.0
131,0,33.0,0,0,7.8958,1.0,0.0,1.0,0.0,0.0,0.0,1.0,0.0,0.0,1.0
132,0,20.0,0,0,7.05,1.0,0.0,0.0,0.0,1.0,0.0,1.0,0.0,0.0,1.0
133,0,47.0,1,0,14.5,1.0,0.0,0.0,0.0,1.0,1.0,0.0,0.0,0.0,1.0
134,1,29.0,1,0,26.0,1.0,0.0,0.0,0.0,1.0,1.0,0.0,0.0,1.0,0.0
135,0,25.0,0,0,13.0,1.0,0.0,0.0,0.0,1.0,0.0,1.0,0.0,1.0,0.0
136,0,23.0,0,0,15.0458,1.0,0.0,1.0,0.0,0.0,0.0,1.0,0.0,1.0,0.0
137,1,19.0,0,2,26.2833,0.0,1.0,0.0,0.0,1.0,1.0,0.0,1.0,0.0,0.0
138,0,37.0,1,0,53.1,0.0,1.0,0.0,0.0,1.0,0.0,1.0,1.0,0.0,0.0
139,0,16.0,0,0,9.2167,1.0,0.0,0.0,0.0,1.0,0.0,1.0,0.0,0.0,1.0
140,0,24.0,0,0,79.2,0.0,1.0,1.0,0.0,0.0,0.0,1.0,1.0,0.0,0.0
141,0,25.344408333333334,0,2,15.2458,1.0,0.0,1.0,0.0,0.0,1.0,0.0,0.0,0.0,1.0
142,1,22.0,0,0,7.75,1.0,0.0,0.0,0.0,1.0,1.0,0.0,0.0,0.0,1.0
143,1,24.0,1,0,15.85,1.0,0.0,0.0,0.0,1.0,1.0,0.0,0.0,0.0,1.0
144,0,19.0,0,0,6.75,1.0,0.0,0.0,1.0,0.0,0.0,1.0,0.0,0.0,1.0
145,0,18.0,0,0,11.5,1.0,0.0,0.0,0.0,1.0,0.0,1.0,0.0,1.0,0.0
146,0,19.0,1,1,36.75,1.0,0.0,0.0,0.0,1.0,0.0,1.0,0.0,1.0,0.0
147,1,27.0,0,0,7.7958,1.0,0.0,0.0,0.0,1.0,0.0,1.0,0.0,0.0,1.0
148,0,9.0,2,2,34.375,1.0,0.0,0.0,0.0,1.0,1.0,0.0,0.0,0.0,1.0
149,0,36.5,0,2,26.0,0.0,1.0,0.0,0.0,1.0,0.0,1.0,0.0,1.0,0.0
150,0,42.0,0,0,13.0,1.0,0.0,0.0,0.0,1.0,0.0,1.0,0.0,1.0,0.0
151,0,51.0,0,0,12.525,1.0,0.0,0.0,0.0,1.0,0.0,1.0,0.0,1.0,0.0
152,1,22.0,1,0,66.6,0.0,1.0,0.0,0.0,1.0,1.0,0.0,1.0,0.0,0.0
153,0,55.5,0,0,8.05,1.0,0.0,0.0,0.0,1.0,0.0,1.0,0.0,0.0,1.0
154,0,40.5,0,2,14.5,1.0,0.0,0.0,0.0,1.0,0.0,1.0,0.0,0.0,1.0
155,0,29.78279612980004,0,0,7.3125,1.0,0.0,0.0,0.0,1.0,0.0,1.0,0.0,0.0,1.0
156,0,51.0,0,1,61.3792,1.0,0.0,1.0,0.0,0.0,0.0,1.0,1.0,0.0,0.0
157,1,16.0,0,0,7.7333,1.0,0.0,0.0,1.0,0.0,1.0,0.0,0.0,0.0,1.0
158,0,30.0,0,0,8.05,1.0,0.0,0.0,0.0,1.0,0.0,1.0,0.0,0.0,1.0
159,0,25.52340334377312,0,0,8.6625,1.0,0.0,0.0,0.0,1.0,0.0,1.0,0.0,0.0,1.0
160,0,10.869866956654466,8,2,69.55,1.0,0.0,0.0,0.0,1.0,0.0,1.0,0.0,0.0,1.0
161,0,44.0,0,1,16.1,1.0,0.0,0.0,0.0,1.0,0.0,1.0,0.0,0.0,1.0
162,1,40.0,0,0,15.75,1.0,0.0,0.0,0.0,1.0,1.0,0.0,0.0,1.0,0.0
163,0,26.0,0,0,7.775,1.0,0.0,0.0,0.0,1.0,0.0,1.0,0.0,0.0,1.0
164,0,17.0,0,0,8.6625,1.0,0.0,0.0,0.0,1.0,0.0,1.0,0.0,0.0,1.0
165,0,1.0,4,1,39.6875,1.0,0.0,0.0,0.0,1.0,0.0,1.0,0.0,0.0,1.0
166,1,9.0,0,2,20.525,1.0,0.0,0.0,0.0,1.0,0.0,1.0,0.0,0.0,1.0
167,1,26.031882142857135,0,1,55.0,0.0,1.0,0.0,0.0,1.0,1.0,0.0,1.0,0.0,0.0
168,0,45.0,1,4,27.9,1.0,0.0,0.0,0.0,1.0,1.0,0.0,0.0,0.0,1.0
169,0,49.554275595238074,0,0,25.925,1.0,0.0,0.0,0.0,1.0,0.0,1.0,1.0,0.0,0.0
170,0,28.0,0,0,56.4958,1.0,0.0,0.0,0.0,1.0,0.0,1.0,0.0,0.0,1.0
171,0,61.0,0,0,33.5,0.0,1.0,0.0,0.0,1.0,0.0,1.0,1.0,0.0,0.0
172,0,4.0,4,1,29.125,1.0,0.0,0.0,1.0,0.0,0.0,1.0,0.0,0.0,1.0
173,1,1.0,1,1,11.1333,1.0,0.0,0.0,0.0,1.0,1.0,0.0,0.0,0.0,1.0
174,0,21.0,0,0,7.925,1.0,0.0,0.0,0.0,1.0,0.0,1.0,0.0,0.0,1.0
175,0,56.0,0,0,30.6958,0.0,1.0,1.0,0.0,0.0,0.0,1.0,1.0,0.0,0.0
176,0,18.0,1,1,7.8542,1.0,0.0,0.0,0.0,1.0,0.0,1.0,0.0,0.0,1.0
177,0,7.325034541847046,3,1,25.4667,1.0,0.0,0.0,0.0,1.0,0.0,1.0,0.0,0.0,1.0
178,0,50.0,0,0,28.7125,0.0,1.0,1.0,0.0,0.0,1.0,0.0,1.0,0.0,0.0
179,0,30.0,0,0,13.0,1.0,0.0,0.0,0.0,1.0,0.0,1.0,0.0,1.0,0.0
180,0,36.0,0,0,0.0,1.0,0.0,0.0,0.0,1.0,0.0,1.0,0.0,0.0,1.0
181,0,10.869866956654466,8,2,69.55,1.0,0.0,0.0,0.0,1.0,1.0,0.0,0.0,0.0,1.0
182,0,31.718940476190475,0,0,15.05,1.0,0.0,1.0,0.0,0.0,0.0,1.0,0.0,1.0,0.0
183,0,9.0,4,2,31.3875,1.0,0.0,0.0,0.0,1.0,0.0,1.0,0.0,0.0,1.0
184,1,1.0,2,1,39.0,0.0,1.0,0.0,0.0,1.0,0.0,1.0,0.0,1.0,0.0
185,1,4.0,0,2,22.025,1.0,0.0,0.0,0.0,1.0,1.0,0.0,0.0,0.0,1.0
186,0,46.2497682359308,0,0,50.0,0.0,1.0,0.0,0.0,1.0,0.0,1.0,1.0,0.0,0.0
187,1,33.1283186868687,1,0,15.5,1.0,0.0,0.0,1.0,0.0,1.0,0.0,0.0,0.0,1.0
188,1,45.0,0,0,26.55,1.0,0.0,0.0,0.0,1.0,0.0,1.0,1.0,0.0,0.0
189,0,40.0,1,1,15.5,1.0,0.0,0.0,1.0,0.0,0.0,1.0,0.0,0.0,1.0
190,0,36.0,0,0,7.8958,1.0,0.0,0.0,0.0,1.0,0.0,1.0,0.0,0.0,1.0
191,1,32.0,0,0,13.0,1.0,0.0,0.0,0.0,1.0,1.0,0.0,0.0,1.0,0.0
192,0,19.0,0,0,13.0,1.0,0.0,0.0,0.0,1.0,0.0,1.0,0.0,1.0,0.0
193,1,19.0,1,0,7.8542,1.0,0.0,0.0,0.0,1.0,1.0,0.0,0.0,0.0,1.0
194,1,3.0,1,1,26.0,0.0,1.0,0.0,0.0,1.0,0.0,1.0,0.0,1.0,0.0
195,1,44.0,0,0,27.7208,0.0,1.0,1.0,0.0,0.0,1.0,0.0,1.0,0.0,0.0
196,1,58.0,0,0,146.5208,0.0,1.0,1.0,0.0,0.0,1.0,0.0,1.0,0.0,0.0
197,0,35.29582429902352,0,0,7.75,1.0,0.0,0.0,1.0,0.0,0.0,1.0,0.0,0.0,1.0
198,0,42.0,0,1,8.4042,1.0,0.0,0.0,0.0,1.0,0.0,1.0,0.0,0.0,1.0
199,1,35.29582429902352,0,0,7.75,1.0,0.0,0.0,1.0,0.0,1.0,0.0,0.0,0.0,1.0
200,0,24.0,0,0,13.0,1.0,0.0,0.0,0.0,1.0,1.0,0.0,0.0,1.0,0.0
201,0,28.0,0,0,9.5,1.0,0.0,0.0,0.0,1.0,0.0,1.0,0.0,0.0,1.0
202,0,10.869866956654466,8,2,69.55,1.0,0.0,0.0,0.0,1.0,0.0,1.0,0.0,0.0,1.0
203,0,34.0,0,0,6.4958,1.0,0.0,0.0,0.0,1.0,0.0,1.0,0.0,0.0,1.0
204,0,45.5,0,0,7.225,1.0,0.0,1.0,0.0,0.0,0.0,1.0,0.0,0.0,1.0
205,1,18.0,0,0,8.05,1.0,0.0,0.0,0.0,1.0,0.0,1.0,0.0,0.0,1.0
206,0,2.0,0,1,10.4625,0.0,1.0,0.0,0.0,1.0,1.0,0.0,0.0,0.0,1.0
207,0,32.0,1,0,15.85,1.0,0.0,0.0,0.0,1.0,0.0,1.0,0.0,0.0,1.0
208,1,26.0,0,0,18.7875,1.0,0.0,1.0,0.0,0.0,0.0,1.0,0.0,0.0,1.0
209,1,16.0,0,0,7.75,1.0,0.0,0.0,1.0,0.0,1.0,0.0,0.0,0.0,1.0
210,1,40.0,0,0,31.0,0.0,1.0,1.0,0.0,0.0,0.0,1.0,1.0,0.0,0.0
211,0,24.0,0,0,7.05,1.0,0.0,0.0,0.0,1.0,0.0,1.0,0.0,0.0,1.0
212,1,35.0,0,0,21.0,1.0,0.0,0.0,0.0,1.0,1.0,0.0,0.0,1.0,0.0
213,0,22.0,0,0,7.25,1.0,0.0,0.0,0.0,1.0,0.0,1.0,0.0,0.0,1.0
214,0,30.0,0,0,13.0,1.0,0.0,0.0,0.0,1.0,0.0,1.0,0.0,1.0,0.0
215,0,31.09342985049901,1,0,7.75,1.0,0.0,0.0,1.0,0.0,0.0,1.0,0.0,0.0,1.0
216,1,31.0,1,0,113.275,0.0,1.0,1.0,0.0,0.0,1.0,0.0,1.0,0.0,0.0
217,1,27.0,0,0,7.925,1.0,0.0,0.0,0.0,1.0,1.0,0.0,0.0,0.0,1.0
218,0,42.0,1,0,27.0,1.0,0.0,0.0,0.0,1.0,0.0,1.0,0.0,1.0,0.0
219,1,32.0,0,0,76.2917,0.0,1.0,1.0,0.0,0.0,1.0,0.0,1.0,0.0,0.0
220,0,30.0,0,0,10.5,1.0,0.0,0.0,0.0,1.0,0.0,1.0,0.0,1.0,0.0
221,1,16.0,0,0,8.05,1.0,0.0,0.0,0.0,1.0,0.0,1.0,0.0,0.0,1.0
222,0,27.0,0,0,13.0,1.0,0.0,0.0,0.0,1.0,0.0,1.0,0.0,1.0,0.0
223,0,51.0,0,0,8.05,1.0,0.0,0.0,0.0,1.0,0.0,1.0,0.0,0.0,1.0
224,0,27.947206162930836,0,0,7.8958,1.0,0.0,0.0,0.0,1.0,0.0,1.0,0.0,0.0,1.0
225,1,38.0,1,0,90.0,0.0,1.0,0.0,0.0,1.0,0.0,1.0,1.0,0.0,0.0
226,0,22.0,0,0,9.35,1.0,0.0,0.0,0.0,1.0,0.0,1.0,0.0,0.0,1.0
227,1,19.0,0,0,10.5,1.0,0.0,0.0,0.0,1.0,0.0,1.0,0.0,1.0,0.0
228,0,20.5,0,0,7.25,1.0,0.0,0.0,0.0,1.0,0.0,1.0,0.0,0.0,1.0
229,0,18.0,0,0,13.0,1.0,0.0,0.0,0.0,1.0,0.0,1.0,0.0,1.0,0.0
230,0,7.325034541847046,3,1,25.4667,1.0,0.0,0.0,0.0,1.0,1.0,0.0,0.0,0.0,1.0
231,1,35.0,1,0,83.475,0.0,1.0,0.0,0.0,1.0,1.0,0.0,1.0,0.0,0.0
232,0,29.0,0,0,7.775,1.0,0.0,0.0,0.0,1.0,0.0,1.0,0.0,0.0,1.0
233,0,59.0,0,0,13.5,1.0,0.0,0.0,0.0,1.0,0.0,1.0,0.0,1.0,0.0
234,1,5.0,4,2,31.3875,1.0,0.0,0.0,0.0,1.0,1.0,0.0,0.0,0.0,1.0
235,0,24.0,0,0,10.5,1.0,0.0,0.0,0.0,1.0,0.0,1.0,0.0,1.0,0.0
236,0,31.108384523809526,0,0,7.55,1.0,0.0,0.0,0.0,1.0,1.0,0.0,0.0,0.0,1.0
237,0,44.0,1,0,26.0,1.0,0.0,0.0,0.0,1.0,0.0,1.0,0.0,1.0,0.0
238,1,8.0,0,2,26.25,1.0,0.0,0.0,0.0,1.0,1.0,0.0,0.0,1.0,0.0
239,0,19.0,0,0,10.5,1.0,0.0,0.0,0.0,1.0,0.0,1.0,0.0,1.0,0.0
240,0,33.0,0,0,12.275,1.0,0.0,0.0,0.0,1.0,0.0,1.0,0.0,1.0,0.0
241,0,20.800154130591647,1,0,14.4542,1.0,0.0,1.0,0.0,0.0,1.0,0.0,0.0,0.0,1.0
242,1,33.1283186868687,1,0,15.5,1.0,0.0,0.0,1.0,0.0,1.0,0.0,0.0,0.0,1.0
243,0,29.0,0,0,10.5,1.0,0.0,0.0,0.0,1.0,0.0,1.0,0.0,1.0,0.0
244,0,22.0,0,0,7.125,1.0,0.0,0.0,0.0,1.0,0.0,1.0,0.0,0.0,1.0
245,0,30.0,0,0,7.225,1.0,0.0,1.0,0.0,0.0,0.0,1.0,0.0,0.0,1.0
246,0,44.0,2,0,90.0,0.0,1.0,0.0,1.0,0.0,0.0,1.0,1.0,0.0,0.0
247,0,25.0,0,0,7.775,1.0,0.0,0.0,0.0,1.0,1.0,0.0,0.0,0.0,1.0
248,1,24.0,0,2,14.5,1.0,0.0,0.0,0.0,1.0,1.0,0.0,0.0,1.0,0.0
249,1,37.0,1,1,52.5542,0.0,1.0,0.0,0.0,1.0,0.0,1.0,1.0,0.0,0.0
250,0,54.0,1,0,26.0,1.0,0.0,0.0,0.0,1.0,0.0,1.0,0.0,1.0,0.0
251,0,29.78279612980004,0,0,7.25,1.0,0.0,0.0,0.0,1.0,0.0,1.0,0.0,0.0,1.0
252,0,29.0,1,1,10.4625,0.0,1.0,0.0,0.0,1.0,1.0,0.0,0.0,0.0,1.0
253,0,62.0,0,0,26.55,0.0,1.0,0.0,0.0,1.0,0.0,1.0,1.0,0.0,0.0
254,0,30.0,1,0,16.1,1.0,0.0,0.0,0.0,1.0,0.0,1.0,0.0,0.0,1.0
255,0,41.0,0,2,20.2125,1.0,0.0,0.0,0.0,1.0,1.0,0.0,0.0,0.0,1.0
256,1,29.0,0,2,15.2458,1.0,0.0,1.0,0.0,0.0,1.0,0.0,0.0,0.0,1.0
257,1,34.62028571428574,0,0,79.2,1.0,0.0,1.0,0.0,0.0,1.0,0.0,1.0,0.0,0.0
258,1,30.0,0,0,86.5,0.0,1.0,0.0,0.0,1.0,1.0,0.0,1.0,0.0,0.0
259,1,35.0,0,0,512.3292,1.0,0.0,1.0,0.0,0.0,1.0,0.0,1.0,0.0,0.0
260,1,50.0,0,1,26.0,1.0,0.0,0.0,0.0,1.0,1.0,0.0,0.0,1.0,0.0
261,0,35.29582429902352,0,0,7.75,1.0,0.0,0.0,1.0,0.0,0.0,1.0,0.0,0.0,1.0
262,1,3.0,4,2,31.3875,1.0,0.0,0.0,0.0,1.0,0.0,1.0,0.0,0.0,1.0
263,0,52.0,1,1,79.65,0.0,1.0,0.0,0.0,1.0,0.0,1.0,1.0,0.0,0.0
264,0,40.0,0,0,0.0,0.0,1.0,0.0,0.0,1.0,0.0,1.0,1.0,0.0,0.0
265,0,35.29582429902352,0,0,7.75,1.0,0.0,0.0,1.0,0.0,1.0,0.0,0.0,0.0,1.0
266,0,36.0,0,0,10.5,1.0,0.0,0.0,0.0,1.0,0.0,1.0,0.0,1.0,0.0
267,0,16.0,4,1,39.6875,1.0,0.0,0.0,0.0,1.0,0.0,1.0,0.0,0.0,1.0
268,1,25.0,1,0,7.775,1.0,0.0,0.0,0.0,1.0,0.0,1.0,0.0,0.0,1.0
269,1,58.0,0,1,153.4625,0.0,1.0,0.0,0.0,1.0,1.0,0.0,1.0,0.0,0.0
270,1,35.0,0,0,135.6333,0.0,1.0,0.0,0.0,1.0,1.0,0.0,1.0,0.0,0.0
271,0,36.87489821428567,0,0,31.0,1.0,0.0,0.0,0.0,1.0,0.0,1.0,1.0,0.0,0.0
272,1,25.0,0,0,0.0,1.0,0.0,0.0,0.0,1.0,0.0,1.0,0.0,0.0,1.0
273,1,41.0,0,1,19.5,1.0,0.0,0.0,0.0,1.0,1.0,0.0,0.0,1.0,0.0
274,0,37.0,0,1,29.7,0.0,1.0,1.0,0.0,0.0,0.0,1.0,1.0,0.0,0.0
275,1,35.29582429902352,0,0,7.75,1.0,0.0,0.0,1.0,0.0,1.0,0.0,0.0,0.0,1.0
276,1,63.0,1,0,77.9583,0.0,1.0,0.0,0.0,1.0,1.0,0.0,1.0,0.0,0.0
277,0,45.0,0,0,7.75,1.0,0.0,0.0,0.0,1.0,1.0,0.0,0.0,0.0,1.0
278,0,35.05181756856166,0,0,0.0,1.0,0.0,0.0,0.0,1.0,0.0,1.0,0.0,1.0,0.0
279,0,7.0,4,1,29.125,1.0,0.0,0.0,1.0,0.0,0.0,1.0,0.0,0.0,1.0
280,1,35.0,1,1,20.25,1.0,0.0,0.0,0.0,1.0,1.0,0.0,0.0,0.0,1.0
281,0,65.0,0,0,7.75,1.0,0.0,0.0,1.0,0.0,0.0,1.0,0.0,0.0,1.0
282,0,28.0,0,0,7.8542,1.0,0.0,0.0,0.0,1.0,0.0,1.0,0.0,0.0,1.0
283,0,16.0,0,0,9.5,1.0,0.0,0.0,0.0,1.0,0.0,1.0,0.0,0.0,1.0
284,1,19.0,0,0,8.05,1.0,0.0,0.0,0.0,1.0,0.0,1.0,0.0,0.0,1.0
285,0,57.74249226190475,0,0,26.0,0.0,1.0,0.0,0.0,1.0,0.0,1.0,1.0,0.0,0.0
286,0,33.0,0,0,8.6625,1.0,0.0,1.0,0.0,0.0,0.0,1.0,0.0,0.0,1.0
287,1,30.0,0,0,9.5,1.0,0.0,0.0,0.0,1.0,0.0,1.0,0.0,0.0,1.0
288,0,22.0,0,0,7.8958,1.0,0.0,0.0,0.0,1.0,0.0,1.0,0.0,0.0,1.0
289,1,42.0,0,0,13.0,1.0,0.0,0.0,0.0,1.0,0.0,1.0,0.0,1.0,0.0
290,1,22.0,0,0,7.75,1.0,0.0,0.0,1.0,0.0,1.0,0.0,0.0,0.0,1.0
291,1,26.0,0,0,78.85,1.0,0.0,0.0,0.0,1.0,1.0,0.0,1.0,0.0,0.0
292,1,19.0,1,0,91.0792,0.0,1.0,1.0,0.0,0.0,1.0,0.0,1.0,0.0,0.0
293,0,36.0,0,0,12.875,0.0,1.0,1.0,0.0,0.0,0.0,1.0,0.0,1.0,0.0
294,0,24.0,0,0,8.85,1.0,0.0,0.0,0.0,1.0,1.0,0.0,0.0,0.0,1.0
295,0,24.0,0,0,7.8958,1.0,0.0,0.0,0.0,1.0,0.0,1.0,0.0,0.0,1.0
296,0,41.200088477638616,0,0,27.7208,1.0,0.0,1.0,0.0,0.0,0.0,1.0,1.0,0.0,0.0
297,0,23.5,0,0,7.2292,1.0,0.0,1.0,0.0,0.0,0.0,1.0,0.0,0.0,1.0
298,0,2.0,1,2,151.55,0.0,1.0,0.0,0.0,1.0,1.0,0.0,1.0,0.0,0.0
299,1,41.574877182539716,0,0,30.5,0.0,1.0,0.0,0.0,1.0,0.0,1.0,1.0,0.0,0.0
300,1,50.0,0,1,247.5208,0.0,1.0,1.0,0.0,0.0,1.0,0.0,1.0,0.0,0.0
301,1,35.29582429902352,0,0,7.75,1.0,0.0,0.0,1.0,0.0,1.0,0.0,0.0,0.0,1.0
302,1,23.31262083333333,2,0,23.25,1.0,0.0,0.0,1.0,0.0,0.0,1.0,0.0,0.0,1.0
303,0,19.0,0,0,0.0,1.0,0.0,0.0,0.0,1.0,0.0,1.0,0.0,0.0,1.0
304,1,42.57451553615305,0,0,12.35,0.0,1.0,0.0,1.0,0.0,1.0,0.0,0.0,1.0,0.0
305,0,30.70572677927052,0,0,8.05,1.0,0.0,0.0,0.0,1.0,0.0,1.0,0.0,0.0,1.0
306,1,0.92,1,2,151.55,0.0,1.0,0.0,0.0,1.0,0.0,1.0,1.0,0.0,0.0
307,1,28.583883928571428,0,0,110.8833,1.0,0.0,1.0,0.0,0.0,1.0,0.0,1.0,0.0,0.0
308,1,17.0,1,0,108.9,0.0,1.0,1.0,0.0,0.0,1.0,0.0,1.0,0.0,0.0
309,0,30.0,1,0,24.0,1.0,0.0,1.0,0.0,0.0,0.0,1.0,0.0,1.0,0.0
310,1,30.0,0,0,56.9292,0.0,1.0,1.0,0.0,0.0,1.0,0.0,1.0,0.0,0.0
311,1,24.0,0,0,83.1583,0.0,1.0,1.0,0.0,0.0,1.0,0.0,1.0,0.0,0.0
312,1,18.0,2,2,262.375,0.0,1.0,1.0,0.0,0.0,1.0,0.0,1.0,0.0,0.0
313,0,26.0,1,1,26.0,1.0,0.0,0.0,0.0,1.0,1.0,0.0,0.0,1.0,0.0
314,0,28.0,0,0,7.8958,1.0,0.0,0.0,0.0,1.0,0.0,1.0,0.0,0.0,1.0
315,0,43.0,1,1,26.25,1.0,0.0,0.0,0.0,1.0,0.0,1.0,0.0,1.0,0.0
316,1,26.0,0,0,7.8542,1.0,0.0,0.0,0.0,1.0,1.0,0.0,0.0,0.0,1.0
317,1,24.0,1,0,26.0,1.0,0.0,0.0,0.0,1.0,1.0,0.0,0.0,1.0,0.0
318,0,54.0,0,0,14.0,1.0,0.0,0.0,0.0,1.0,0.0,1.0,0.0,1.0,0.0
319,1,31.0,0,2,164.8667,0.0,1.0,0.0,0.0,1.0,1.0,0.0,1.0,0.0,0.0
320,1,40.0,1,1,134.5,0.0,1.0,1.0,0.0,0.0,1.0,0.0,1.0,0.0,0.0
321,0,22.0,0,0,7.25,1.0,0.0,0.0,0.0,1.0,0.0,1.0,0.0,0.0,1.0
322,0,27.0,0,0,7.8958,1.0,0.0,0.0,0.0,1.0,0.0,1.0,0.0,0.0,1.0
323,1,30.0,0,0,12.35,1.0,0.0,0.0,1.0,0.0,1.0,0.0,0.0,1.0,0.0
324,1,22.0,1,1,29.0,1.0,0.0,0.0,0.0,1.0,1.0,0.0,0.0,1.0,0.0
325,0,10.869866956654466,8,2,69.55,1.0,0.0,0.0,0.0,1.0,0.0,1.0,0.0,0.0,1.0
326,1,36.0,0,0,135.6333,0.0,1.0,1.0,0.0,0.0,1.0,0.0,1.0,0.0,0.0
327,0,61.0,0,0,6.2375,1.0,0.0,0.0,0.0,1.0,0.0,1.0,0.0,0.0,1.0
328,1,36.0,0,0,13.0,0.0,1.0,0.0,0.0,1.0,1.0,0.0,0.0,1.0,0.0
329,1,31.0,1,1,20.525,1.0,0.0,0.0,0.0,1.0,1.0,0.0,0.0,0.0,1.0
330,1,16.0,0,1,57.9792,0.0,1.0,1.0,0.0,0.0,1.0,0.0,1.0,0.0,0.0
331,1,23.31262083333333,2,0,23.25,1.0,0.0,0.0,1.0,0.0,1.0,0.0,0.0,0.0,1.0
332,0,45.5,0,0,28.5,0.0,1.0,0.0,0.0,1.0,0.0,1.0,1.0,0.0,0.0
333,0,38.0,0,1,153.4625,0.0,1.0,0.0,0.0,1.0,0.0,1.0,1.0,0.0,0.0
334,0,16.0,2,0,18.0,1.0,0.0,0.0,0.0,1.0,0.0,1.0,0.0,0.0,1.0
335,1,31.40054460317464,1,0,133.65,1.0,0.0,0.0,0.0,1.0,1.0,0.0,1.0,0.0,0.0
336,0,27.947206162930836,0,0,7.8958,1.0,0.0,0.0,0.0,1.0,0.0,1.0,0.0,0.0,1.0
337,0,29.0,1,0,66.6,0.0,1.0,0.0,0.0,1.0,0.0,1.0,1.0,0.0,0.0
338,1,41.0,0,0,134.5,0.0,1.0,1.0,0.0,0.0,1.0,0.0,1.0,0.0,0.0
339,1,45.0,0,0,8.05,1.0,0.0,0.0,0.0,1.0,0.0,1.0,0.0,0.0,1.0
340,0,45.0,0,0,35.5,0.0,1.0,0.0,0.0,1.0,0.0,1.0,1.0,0.0,0.0
341,1,2.0,1,1,26.0,0.0,1.0,0.0,0.0,1.0,0.0,1.0,0.0,1.0,0.0
342,1,24.0,3,2,263.0,0.0,1.0,0.0,0.0,1.0,1.0,0.0,1.0,0.0,0.0
343,0,28.0,0,0,13.0,1.0,0.0,0.0,0.0,1.0,0.0,1.0,0.0,1.0,0.0
344,0,25.0,0,0,13.0,1.0,0.0,0.0,0.0,1.0,0.0,1.0,0.0,1.0,0.0
345,0,36.0,0,0,13.0,1.0,0.0,0.0,0.0,1.0,0.0,1.0,0.0,1.0,0.0
346,1,24.0,0,0,13.0,0.0,1.0,0.0,0.0,1.0,1.0,0.0,0.0,1.0,0.0
347,1,40.0,0,0,13.0,1.0,0.0,0.0,0.0,1.0,1.0,0.0,0.0,1.0,0.0
348,1,26.689168488455994,1,0,16.1,1.0,0.0,0.0,0.0,1.0,1.0,0.0,0.0,0.0,1.0
349,1,3.0,1,1,15.9,1.0,0.0,0.0,0.0,1.0,0.0,1.0,0.0,0.0,1.0
350,0,42.0,0,0,8.6625,1.0,0.0,0.0,0.0,1.0,0.0,1.0,0.0,0.0,1.0
351,0,23.0,0,0,9.225,1.0,0.0,0.0,0.0,1.0,0.0,1.0,0.0,0.0,1.0
352,0,59.96916448412696,0,0,35.0,0.0,1.0,0.0,0.0,1.0,0.0,1.0,1.0,0.0,0.0
353,0,15.0,1,1,7.2292,1.0,0.0,1.0,0.0,0.0,0.0,1.0,0.0,0.0,1.0
354,0,25.0,1,0,17.8,1.0,0.0,0.0,0.0,1.0,0.0,1.0,0.0,0.0,1.0
355,0,29.518205142080145,0,0,7.225,1.0,0.0,1.0,0.0,0.0,0.0,1.0,0.0,0.0,1.0
356,0,28.0,0,0,9.5,1.0,0.0,0.0,0.0,1.0,0.0,1.0,0.0,0.0,1.0
357,1,22.0,0,1,55.0,0.0,1.0,0.0,0.0,1.0,1.0,0.0,1.0,0.0,0.0
358,0,38.0,0,0,13.0,1.0,0.0,0.0,0.0,1.0,1.0,0.0,0.0,1.0,0.0
359,1,22.380113238826777,0,0,7.8792,1.0,0.0,0.0,1.0,0.0,1.0,0.0,0.0,0.0,1.0
360,1,22.380113238826777,0,0,7.8792,1.0,0.0,0.0,1.0,0.0,1.0,0.0,0.0,0.0,1.0
361,0,40.0,1,4,27.9,1.0,0.0,0.0,0.0,1.0,0.0,1.0,0.0,0.0,1.0
362,0,29.0,1,0,27.7208,1.0,0.0,1.0,0.0,0.0,0.0,1.0,0.0,1.0,0.0
363,0,45.0,0,1,14.4542,1.0,0.0,1.0,0.0,0.0,1.0,0.0,0.0,0.0,1.0
364,0,35.0,0,0,7.05,1.0,0.0,0.0,0.0,1.0,0.0,1.0,0.0,0.0,1.0
365,0,33.1283186868687,1,0,15.5,1.0,0.0,0.0,1.0,0.0,0.0,1.0,0.0,0.0,1.0
366,0,30.0,0,0,7.25,1.0,0.0,0.0,0.0,1.0,0.0,1.0,0.0,0.0,1.0
367,1,60.0,1,0,75.25,0.0,1.0,1.0,0.0,0.0,1.0,0.0,1.0,0.0,0.0
368,1,22.876306861888096,0,0,7.2292,1.0,0.0,1.0,0.0,0.0,1.0,0.0,0.0,0.0,1.0
369,1,35.29582429902352,0,0,7.75,1.0,0.0,0.0,1.0,0.0,1.0,0.0,0.0,0.0,1.0
370,1,24.0,0,0,69.3,0.0,1.0,1.0,0.0,0.0,1.0,0.0,1.0,0.0,0.0
371,1,25.0,1,0,55.4417,0.0,1.0,1.0,0.0,0.0,0.0,1.0,1.0,0.0,0.0
372,0,18.0,1,0,6.4958,1.0,0.0,0.0,0.0,1.0,0.0,1.0,0.0,0.0,1.0
373,0,19.0,0,0,8.05,1.0,0.0,0.0,0.0,1.0,0.0,1.0,0.0,0.0,1.0
374,0,22.0,0,0,135.6333,1.0,0.0,1.0,0.0,0.0,0.0,1.0,1.0,0.0,0.0
375,0,3.0,3,1,21.075,1.0,0.0,0.0,0.0,1.0,1.0,0.0,0.0,0.0,1.0
376,1,31.941293452380943,1,0,82.1708,1.0,0.0,1.0,0.0,0.0,1.0,0.0,1.0,0.0,0.0
377,1,22.0,0,0,7.25,1.0,0.0,0.0,0.0,1.0,1.0,0.0,0.0,0.0,1.0
378,0,27.0,0,2,211.5,0.0,1.0,1.0,0.0,0.0,0.0,1.0,1.0,0.0,0.0
379,0,20.0,0,0,4.0125,1.0,0.0,1.0,0.0,0.0,0.0,1.0,0.0,0.0,1.0
380,0,19.0,0,0,7.775,1.0,0.0,0.0,0.0,1.0,0.0,1.0,0.0,0.0,1.0
381,1,42.0,0,0,227.525,1.0,0.0,1.0,0.0,0.0,1.0,0.0,1.0,0.0,0.0
382,1,1.0,0,2,15.7417,1.0,0.0,1.0,0.0,0.0,1.0,0.0,0.0,0.0,1.0
383,0,32.0,0,0,7.925,1.0,0.0,0.0,0.0,1.0,0.0,1.0,0.0,0.0,1.0
384,1,35.0,1,0,52.0,1.0,0.0,0.0,0.0,1.0,1.0,0.0,1.0,0.0,0.0
385,0,27.947206162930836,0,0,7.8958,1.0,0.0,0.0,0.0,1.0,0.0,1.0,0.0,0.0,1.0
386,0,18.0,0,0,73.5,1.0,0.0,0.0,0.0,1.0,0.0,1.0,0.0,1.0,0.0
387,0,1.0,5,2,46.9,1.0,0.0,0.0,0.0,1.0,0.0,1.0,0.0,0.0,1.0
388,1,36.0,0,0,13.0,1.0,0.0,0.0,0.0,1.0,1.0,0.0,0.0,1.0,0.0
389,0,19.89558112671213,0,0,7.7292,1.0,0.0,0.0,1.0,0.0,0.0,1.0,0.0,0.0,1.0
390,1,17.0,0,0,12.0,1.0,0.0,1.0,0.0,0.0,1.0,0.0,0.0,1.0,0.0
391,1,36.0,1,2,120.0,0.0,1.0,0.0,0.0,1.0,0.0,1.0,1.0,0.0,0.0
392,1,21.0,0,0,7.7958,1.0,0.0,0.0,0.0,1.0,0.0,1.0,0.0,0.0,1.0
393,0,28.0,2,0,7.925,1.0,0.0,0.0,0.0,1.0,0.0,1.0,0.0,0.0,1.0
394,1,23.0,1,0,113.275,0.0,1.0,1.0,0.0,0.0,1.0,0.0,1.0,0.0,0.0
395,1,24.0,0,2,16.7,0.0,1.0,0.0,0.0,1.0,1.0,0.0,0.0,0.0,1.0
396,0,22.0,0,0,7.7958,1.0,0.0,0.0,0.0,1.0,0.0,1.0,0.0,0.0,1.0
397,0,31.0,0,0,7.8542,1.0,0.0,0.0,0.0,1.0,1.0,0.0,0.0,0.0,1.0
398,0,46.0,0,0,26.0,1.0,0.0,0.0,0.0,1.0,0.0,1.0,0.0,1.0,0.0
399,0,23.0,0,0,10.5,1.0,0.0,0.0,0.0,1.0,0.0,1.0,0.0,1.0,0.0
400,1,28.0,0,0,12.65,1.0,0.0,0.0,0.0,1.0,1.0,0.0,0.0,1.0,0.0
401,1,39.0,0,0,7.925,1.0,0.0,0.0,0.0,1.0,0.0,1.0,0.0,0.0,1.0
402,0,26.0,0,0,8.05,1.0,0.0,0.0,0.0,1.0,0.0,1.0,0.0,0.0,1.0
403,0,21.0,1,0,9.825,1.0,0.0,0.0,0.0,1.0,1.0,0.0,0.0,0.0,1.0
404,0,28.0,1,0,15.85,1.0,0.0,0.0,0.0,1.0,0.0,1.0,0.0,0.0,1.0
405,0,20.0,0,0,8.6625,1.0,0.0,0.0,0.0,1.0,1.0,0.0,0.0,0.0,1.0
406,0,34.0,1,0,21.0,1.0,0.0,0.0,0.0,1.0,0.0,1.0,0.0,1.0,0.0
407,0,51.0,0,0,7.75,1.0,0.0,0.0,0.0,1.0,0.0,1.0,0.0,0.0,1.0
408,1,3.0,1,1,18.75,1.0,0.0,0.0,0.0,1.0,0.0,1.0,0.0,1.0,0.0
409,0,21.0,0,0,7.775,1.0,0.0,0.0,0.0,1.0,0.0,1.0,0.0,0.0,1.0
410,0,7.325034541847046,3,1,25.4667,1.0,0.0,0.0,0.0,1.0,1.0,0.0,0.0,0.0,1.0
411,0,27.947206162930836,0,0,7.8958,1.0,0.0,0.0,0.0,1.0,0.0,1.0,0.0,0.0,1.0
412,0,20.681314880952385,0,0,6.8583,1.0,0.0,0.0,1.0,0.0,0.0,1.0,0.0,0.0,1.0
413,1,33.0,1,0,90.0,0.0,1.0,0.0,1.0,0.0,1.0,0.0,1.0,0.0,0.0
414,0,35.05181756856166,0,0,0.0,1.0,0.0,0.0,0.0,1.0,0.0,1.0,0.0,1.0,0.0
415,1,44.0,0,0,7.925,1.0,0.0,0.0,0.0,1.0,0.0,1.0,0.0,0.0,1.0
416,0,30.70572677927052,0,0,8.05,1.0,0.0,0.0,0.0,1.0,1.0,0.0,0.0,0.0,1.0
417,1,34.0,1,1,32.5,1.0,0.0,0.0,0.0,1.0,1.0,0.0,0.0,1.0,0.0
418,1,18.0,0,2,13.0,1.0,0.0,0.0,0.0,1.0,1.0,0.0,0.0,1.0,0.0
419,0,30.0,0,0,13.0,1.0,0.0,0.0,0.0,1.0,0.0,1.0,0.0,1.0,0.0
420,0,10.0,0,2,24.15,1.0,0.0,0.0,0.0,1.0,1.0,0.0,0.0,0.0,1.0
421,0,27.947206162930836,0,0,7.8958,1.0,0.0,1.0,0.0,0.0,0.0,1.0,0.0,0.0,1.0
422,0,21.0,0,0,7.7333,1.0,0.0,0.0,1.0,0.0,0.0,1.0,0.0,0.0,1.0
423,0,29.0,0,0,7.875,1.0,0.0,0.0,0.0,1.0,0.0,1.0,0.0,0.0,1.0
424,0,28.0,1,1,14.4,1.0,0.0,0.0,0.0,1.0,1.0,0.0,0.0,0.0,1.0
425,0,18.0,1,1,20.2125,1.0,0.0,0.0,0.0,1.0,0.0,1.0,0.0,0.0,1.0
426,0,29.78279612980004,0,0,7.25,1.0,0.0,0.0,0.0,1.0,0.0,1.0,0.0,0.0,1.0
427,1,28.0,1,0,26.0,1.0,0.0,0.0,0.0,1.0,1.0,0.0,0.0,1.0,0.0
428,1,19.0,0,0,26.0,1.0,0.0,0.0,0.0,1.0,1.0,0.0,0.0,1.0,0.0
429,0,35.29582429902352,0,0,7.75,1.0,0.0,0.0,1.0,0.0,0.0,1.0,0.0,0.0,1.0
430,1,32.0,0,0,8.05,0.0,1.0,0.0,0.0,1.0,0.0,1.0,0.0,0.0,1.0
431,1,28.0,0,0,26.55,0.0,1.0,0.0,0.0,1.0,0.0,1.0,1.0,0.0,0.0
432,1,26.689168488455994,1,0,16.1,1.0,0.0,0.0,0.0,1.0,1.0,0.0,0.0,0.0,1.0
433,1,42.0,1,0,26.0,1.0,0.0,0.0,0.0,1.0,1.0,0.0,0.0,1.0,0.0
434,0,17.0,0,0,7.125,1.0,0.0,0.0,0.0,1.0,0.0,1.0,0.0,0.0,1.0
435,0,50.0,1,0,55.9,0.0,1.0,0.0,0.0,1.0,0.0,1.0,1.0,0.0,0.0
436,1,14.0,1,2,120.0,0.0,1.0,0.0,0.0,1.0,1.0,0.0,1.0,0.0,0.0
437,0,21.0,2,2,34.375,1.0,0.0,0.0,0.0,1.0,1.0,0.0,0.0,0.0,1.0
438,1,24.0,2,3,18.75,1.0,0.0,0.0,0.0,1.0,1.0,0.0,0.0,1.0,0.0
439,0,64.0,1,4,263.0,0.0,1.0,0.0,0.0,1.0,0.0,1.0,1.0,0.0,0.0
440,0,31.0,0,0,10.5,1.0,0.0,0.0,0.0,1.0,0.0,1.0,0.0,1.0,0.0
441,1,45.0,1,1,26.25,1.0,0.0,0.0,0.0,1.0,1.0,0.0,0.0,1.0,0.0
442,0,20.0,0,0,9.5,1.0,0.0,0.0,0.0,1.0,0.0,1.0,0.0,0.0,1.0
443,0,25.0,1,0,7.775,1.0,0.0,0.0,0.0,1.0,0.0,1.0,0.0,0.0,1.0
444,1,28.0,0,0,13.0,1.0,0.0,0.0,0.0,1.0,1.0,0.0,0.0,1.0,0.0
445,1,23.47643238964372,0,0,8.1125,1.0,0.0,0.0,0.0,1.0,0.0,1.0,0.0,0.0,1.0
446,1,4.0,0,2,81.8583,0.0,1.0,0.0,0.0,1.0,0.0,1.0,1.0,0.0,0.0
447,1,13.0,0,1,19.5,1.0,0.0,0.0,0.0,1.0,1.0,0.0,0.0,1.0,0.0
448,1,34.0,0,0,26.55,1.0,0.0,0.0,0.0,1.0,0.0,1.0,1.0,0.0,0.0
449,1,5.0,2,1,19.2583,1.0,0.0,1.0,0.0,0.0,1.0,0.0,0.0,0.0,1.0
450,1,52.0,0,0,30.5,0.0,1.0,0.0,0.0,1.0,0.0,1.0,1.0,0.0,0.0
451,0,36.0,1,2,27.75,1.0,0.0,0.0,0.0,1.0,0.0,1.0,0.0,1.0,0.0
452,0,24.090227976190487,1,0,19.9667,1.0,0.0,0.0,0.0,1.0,0.0,1.0,0.0,0.0,1.0
453,0,30.0,0,0,27.75,0.0,1.0,1.0,0.0,0.0,0.0,1.0,1.0,0.0,0.0
454,1,49.0,1,0,89.1042,0.0,1.0,1.0,0.0,0.0,0.0,1.0,1.0,0.0,0.0
455,0,30.70572677927052,0,0,8.05,1.0,0.0,0.0,0.0,1.0,0.0,1.0,0.0,0.0,1.0
456,1,29.0,0,0,7.8958,1.0,0.0,1.0,0.0,0.0,0.0,1.0,0.0,0.0,1.0
457,0,65.0,0,0,26.55,0.0,1.0,0.0,0.0,1.0,0.0,1.0,1.0,0.0,0.0
458,1,44.06001827200576,1,0,51.8625,0.0,1.0,0.0,0.0,1.0,1.0,0.0,1.0,0.0,0.0
459,1,50.0,0,0,10.5,1.0,0.0,0.0,0.0,1.0,1.0,0.0,0.0,1.0,0.0
460,0,35.29582429902352,0,0,7.75,1.0,0.0,0.0,1.0,0.0,0.0,1.0,0.0,0.0,1.0
461,1,48.0,0,0,26.55,0.0,1.0,0.0,0.0,1.0,0.0,1.0,1.0,0.0,0.0
462,0,34.0,0,0,8.05,1.0,0.0,0.0,0.0,1.0,0.0,1.0,0.0,0.0,1.0
463,0,47.0,0,0,38.5,0.0,1.0,0.0,0.0,1.0,0.0,1.0,1.0,0.0,0.0
464,0,48.0,0,0,13.0,1.0,0.0,0.0,0.0,1.0,0.0,1.0,0.0,1.0,0.0
465,0,30.70572677927052,0,0,8.05,1.0,0.0,0.0,0.0,1.0,0.0,1.0,0.0,0.0,1.0
466,0,38.0,0,0,7.05,1.0,0.0,0.0,0.0,1.0,0.0,1.0,0.0,0.0,1.0
467,0,35.05181756856166,0,0,0.0,1.0,0.0,0.0,0.0,1.0,0.0,1.0,0.0,1.0,0.0
468,0,56.0,0,0,26.55,1.0,0.0,0.0,0.0,1.0,0.0,1.0,1.0,0.0,0.0
469,0,19.89558112671213,0,0,7.725,1.0,0.0,0.0,1.0,0.0,0.0,1.0,0.0,0.0,1.0
470,1,0.75,2,1,19.2583,1.0,0.0,1.0,0.0,0.0,1.0,0.0,0.0,0.0,1.0
471,0,29.78279612980004,0,0,7.25,1.0,0.0,0.0,0.0,1.0,0.0,1.0,0.0,0.0,1.0
472,0,38.0,0,0,8.6625,1.0,0.0,0.0,0.0,1.0,0.0,1.0,0.0,0.0,1.0
473,1,33.0,1,2,27.75,1.0,0.0,0.0,0.0,1.0,1.0,0.0,0.0,1.0,0.0
474,1,23.0,0,0,13.7917,0.0,1.0,1.0,0.0,0.0,1.0,0.0,0.0,1.0,0.0
475,0,22.0,0,0,9.8375,1.0,0.0,0.0,0.0,1.0,1.0,0.0,0.0,0.0,1.0
476,0,44.65953055555558,0,0,52.0,0.0,1.0,0.0,0.0,1.0,0.0,1.0,1.0,0.0,0.0
477,0,34.0,1,0,21.0,1.0,0.0,0.0,0.0,1.0,0.0,1.0,0.0,1.0,0.0
478,0,29.0,1,0,7.0458,1.0,0.0,0.0,0.0,1.0,0.0,1.0,0.0,0.0,1.0
479,0,22.0,0,0,7.5208,1.0,0.0,0.0,0.0,1.0,0.0,1.0,0.0,0.0,1.0
480,1,2.0,0,1,12.2875,1.0,0.0,0.0,0.0,1.0,1.0,0.0,0.0,0.0,1.0
481,0,9.0,5,2,46.9,1.0,0.0,0.0,0.0,1.0,0.0,1.0,0.0,0.0,1.0
482,0,35.05181756856166,0,0,0.0,1.0,0.0,0.0,0.0,1.0,0.0,1.0,0.0,1.0,0.0
483,0,50.0,0,0,8.05,1.0,0.0,0.0,0.0,1.0,0.0,1.0,0.0,0.0,1.0
484,1,63.0,0,0,9.5875,1.0,0.0,0.0,0.0,1.0,1.0,0.0,0.0,0.0,1.0
485,1,25.0,1,0,91.0792,0.0,1.0,1.0,0.0,0.0,0.0,1.0,1.0,0.0,0.0
486,0,7.325034541847046,3,1,25.4667,1.0,0.0,0.0,0.0,1.0,1.0,0.0,0.0,0.0,1.0
487,1,35.0,1,0,90.0,0.0,1.0,0.0,0.0,1.0,1.0,0.0,1.0,0.0,0.0
488,0,58.0,0,0,29.7,0.0,1.0,1.0,0.0,0.0,0.0,1.0,1.0,0.0,0.0
489,0,30.0,0,0,8.05,1.0,0.0,0.0,0.0,1.0,0.0,1.0,0.0,0.0,1.0
490,1,9.0,1,1,15.9,1.0,0.0,0.0,0.0,1.0,0.0,1.0,0.0,0.0,1.0
491,0,24.090227976190487,1,0,19.9667,1.0,0.0,0.0,0.0,1.0,0.0,1.0,0.0,0.0,1.0
492,0,21.0,0,0,7.25,1.0,0.0,0.0,0.0,1.0,0.0,1.0,0.0,0.0,1.0
493,0,55.0,0,0,30.5,0.0,1.0,0.0,0.0,1.0,0.0,1.0,1.0,0.0,0.0
494,0,71.0,0,0,49.5042,1.0,0.0,1.0,0.0,0.0,0.0,1.0,1.0,0.0,0.0
495,0,21.0,0,0,8.05,1.0,0.0,0.0,0.0,1.0,0.0,1.0,0.0,0.0,1.0
496,0,18.201544841269857,0,0,14.4583,1.0,0.0,1.0,0.0,0.0,0.0,1.0,0.0,0.0,1.0
497,1,54.0,1,0,78.2667,0.0,1.0,1.0,0.0,0.0,1.0,0.0,1.0,0.0,0.0
498,0,25.76222529761905,0,0,15.1,1.0,0.0,0.0,0.0,1.0,0.0,1.0,0.0,0.0,1.0
499,0,25.0,1,2,151.55,0.0,1.0,0.0,0.0,1.0,1.0,0.0,1.0,0.0,0.0
500,0,24.0,0,0,7.7958,1.0,0.0,0.0,0.0,1.0,0.0,1.0,0.0,0.0,1.0
501,0,17.0,0,0,8.6625,1.0,0.0,0.0,0.0,1.0,0.0,1.0,0.0,0.0,1.0
502,0,21.0,0,0,7.75,1.0,0.0,0.0,1.0,0.0,1.0,0.0,0.0,0.0,1.0
503,0,26.820732810245318,0,0,7.6292,1.0,0.0,0.0,1.0,0.0,1.0,0.0,0.0,0.0,1.0
504,0,37.0,0,0,9.5875,1.0,0.0,0.0,0.0,1.0,1.0,0.0,0.0,0.0,1.0
505,1,16.0,0,0,86.5,0.0,1.0,0.0,0.0,1.0,1.0,0.0,1.0,0.0,0.0
506,0,18.0,1,0,108.9,0.0,1.0,1.0,0.0,0.0,0.0,1.0,1.0,0.0,0.0
507,1,33.0,0,2,26.0,1.0,0.0,0.0,0.0,1.0,1.0,0.0,0.0,1.0,0.0
508,1,49.8994093015281,0,0,26.55,1.0,0.0,0.0,0.0,1.0,0.0,1.0,1.0,0.0,0.0
509,0,28.0,0,0,22.525,1.0,0.0,0.0,0.0,1.0,0.0,1.0,0.0,0.0,1.0
510,1,26.0,0,0,56.4958,1.0,0.0,0.0,0.0,1.0,0.0,1.0,0.0,0.0,1.0
511,1,29.0,0,0,7.75,1.0,0.0,0.0,1.0,0.0,0.0,1.0,0.0,0.0,1.0
512,0,30.70572677927052,0,0,8.05,1.0,0.0,0.0,0.0,1.0,0.0,1.0,0.0,0.0,1.0
513,1,36.0,0,0,26.2875,0.0,1.0,0.0,0.0,1.0,0.0,1.0,1.0,0.0,0.0
514,1,54.0,1,0,59.4,1.0,0.0,1.0,0.0,0.0,1.0,0.0,1.0,0.0,0.0
515,0,24.0,0,0,7.4958,1.0,0.0,0.0,0.0,1.0,0.0,1.0,0.0,0.0,1.0
516,0,47.0,0,0,34.0208,0.0,1.0,0.0,0.0,1.0,0.0,1.0,1.0,0.0,0.0
517,1,34.0,0,0,10.5,0.0,1.0,0.0,0.0,1.0,1.0,0.0,0.0,1.0,0.0
518,0,34.17191527777778,0,0,24.15,1.0,0.0,0.0,1.0,0.0,0.0,1.0,0.0,0.0,1.0
519,1,36.0,1,0,26.0,1.0,0.0,0.0,0.0,1.0,1.0,0.0,0.0,1.0,0.0
520,0,32.0,0,0,7.8958,1.0,0.0,0.0,0.0,1.0,0.0,1.0,0.0,0.0,1.0
521,1,30.0,0,0,93.5,0.0,1.0,0.0,0.0,1.0,1.0,0.0,1.0,0.0,0.0
522,0,22.0,0,0,7.8958,1.0,0.0,0.0,0.0,1.0,0.0,1.0,0.0,0.0,1.0
523,0,29.518205142080145,0,0,7.225,1.0,0.0,1.0,0.0,0.0,0.0,1.0,0.0,0.0,1.0
524,1,44.0,0,1,57.9792,0.0,1.0,1.0,0.0,0.0,1.0,0.0,1.0,0.0,0.0
525,0,22.876306861888096,0,0,7.2292,1.0,0.0,1.0,0.0,0.0,0.0,1.0,0.0,0.0,1.0
526,0,40.5,0,0,7.75,1.0,0.0,0.0,1.0,0.0,0.0,1.0,0.0,0.0,1.0
527,1,50.0,0,0,10.5,1.0,0.0,0.0,0.0,1.0,1.0,0.0,0.0,1.0,0.0
528,0,38.51549999999995,0,0,221.7792,0.0,1.0,0.0,0.0,1.0,0.0,1.0,1.0,0.0,0.0
529,0,39.0,0,0,7.925,1.0,0.0,0.0,0.0,1.0,0.0,1.0,0.0,0.0,1.0
530,0,23.0,2,1,11.5,1.0,0.0,0.0,0.0,1.0,0.0,1.0,0.0,1.0,0.0
531,1,2.0,1,1,26.0,1.0,0.0,0.0,0.0,1.0,1.0,0.0,0.0,1.0,0.0
532,0,22.876306861888096,0,0,7.2292,1.0,0.0,1.0,0.0,0.0,0.0,1.0,0.0,0.0,1.0
533,0,17.0,1,1,7.2292,1.0,0.0,1.0,0.0,0.0,0.0,1.0,0.0,0.0,1.0
534,1,7.995836309523811,0,2,22.3583,1.0,0.0,1.0,0.0,0.0,1.0,0.0,0.0,0.0,1.0
535,0,30.0,0,0,8.6625,1.0,0.0,0.0,0.0,1.0,1.0,0.0,0.0,0.0,1.0
536,1,7.0,0,2,26.25,1.0,0.0,0.0,0.0,1.0,1.0,0.0,0.0,1.0,0.0
537,0,45.0,0,0,26.55,0.0,1.0,0.0,0.0,1.0,0.0,1.0,1.0,0.0,0.0
538,1,30.0,0,0,106.425,1.0,0.0,1.0,0.0,0.0,1.0,0.0,1.0,0.0,0.0
539,0,24.33696696428572,0,0,14.5,1.0,0.0,0.0,0.0,1.0,0.0,1.0,0.0,0.0,1.0
540,1,22.0,0,2,49.5,0.0,1.0,1.0,0.0,0.0,1.0,0.0,1.0,0.0,0.0
541,1,36.0,0,2,71.0,0.0,1.0,0.0,0.0,1.0,1.0,0.0,1.0,0.0,0.0
542,0,9.0,4,2,31.275,1.0,0.0,0.0,0.0,1.0,1.0,0.0,0.0,0.0,1.0
543,0,11.0,4,2,31.275,1.0,0.0,0.0,0.0,1.0,1.0,0.0,0.0,0.0,1.0
544,1,32.0,1,0,26.0,1.0,0.0,0.0,0.0,1.0,0.0,1.0,0.0,1.0,0.0
545,0,50.0,1,0,106.425,0.0,1.0,1.0,0.0,0.0,0.0,1.0,1.0,0.0,0.0
546,0,64.0,0,0,26.0,1.0,0.0,0.0,0.0,1.0,0.0,1.0,1.0,0.0,0.0
547,1,19.0,1,0,26.0,1.0,0.0,0.0,0.0,1.0,1.0,0.0,0.0,1.0,0.0
548,1,32.78652428266177,0,0,13.8625,1.0,0.0,1.0,0.0,0.0,0.0,1.0,0.0,1.0,0.0
549,0,33.0,1,1,20.525,1.0,0.0,0.0,0.0,1.0,0.0,1.0,0.0,0.0,1.0
550,1,8.0,1,1,36.75,1.0,0.0,0.0,0.0,1.0,0.0,1.0,0.0,1.0,0.0
551,1,17.0,0,2,110.8833,0.0,1.0,1.0,0.0,0.0,0.0,1.0,1.0,0.0,0.0
552,0,27.0,0,0,26.0,1.0,0.0,0.0,0.0,1.0,0.0,1.0,0.0,1.0,0.0
553,0,26.381424902342278,0,0,7.8292,1.0,0.0,0.0,1.0,0.0,0.0,1.0,0.0,0.0,1.0
554,1,22.0,0,0,7.225,1.0,0.0,1.0,0.0,0.0,0.0,1.0,0.0,0.0,1.0
555,1,22.0,0,0,7.775,1.0,0.0,0.0,0.0,1.0,1.0,0.0,0.0,0.0,1.0
556,0,62.0,0,0,26.55,1.0,0.0,0.0,0.0,1.0,0.0,1.0,1.0,0.0,0.0
557,1,48.0,1,0,39.6,0.0,1.0,1.0,0.0,0.0,1.0,0.0,1.0,0.0,0.0
558,0,38.51549999999995,0,0,227.525,1.0,0.0,1.0,0.0,0.0,0.0,1.0,1.0,0.0,0.0
559,1,39.0,1,1,79.65,0.0,1.0,0.0,0.0,1.0,1.0,0.0,1.0,0.0,0.0
560,1,36.0,1,0,17.4,1.0,0.0,0.0,0.0,1.0,1.0,0.0,0.0,0.0,1.0
561,0,35.29582429902352,0,0,7.75,1.0,0.0,0.0,1.0,0.0,0.0,1.0,0.0,0.0,1.0
562,0,40.0,0,0,7.8958,1.0,0.0,0.0,0.0,1.0,0.0,1.0,0.0,0.0,1.0
563,0,28.0,0,0,13.5,1.0,0.0,0.0,0.0,1.0,0.0,1.0,0.0,1.0,0.0
564,0,30.70572677927052,0,0,8.05,1.0,0.0,0.0,0.0,1.0,0.0,1.0,0.0,0.0,1.0
565,0,30.70572677927052,0,0,8.05,1.0,0.0,0.0,0.0,1.0,1.0,0.0,0.0,0.0,1.0
566,0,24.0,2,0,24.15,1.0,0.0,0.0,0.0,1.0,0.0,1.0,0.0,0.0,1.0
567,0,19.0,0,0,7.8958,1.0,0.0,0.0,0.0,1.0,0.0,1.0,0.0,0.0,1.0
568,0,29.0,0,4,21.075,1.0,0.0,0.0,0.0,1.0,1.0,0.0,0.0,0.0,1.0
569,0,22.876306861888096,0,0,7.2292,1.0,0.0,1.0,0.0,0.0,0.0,1.0,0.0,0.0,1.0
570,1,32.0,0,0,7.8542,1.0,0.0,0.0,0.0,1.0,0.0,1.0,0.0,0.0,1.0
571,1,62.0,0,0,10.5,1.0,0.0,0.0,0.0,1.0,0.0,1.0,0.0,1.0,0.0
572,1,53.0,2,0,51.4792,0.0,1.0,0.0,0.0,1.0,1.0,0.0,1.0,0.0,0.0
573,1,36.0,0,0,26.3875,0.0,1.0,0.0,0.0,1.0,0.0,1.0,1.0,0.0,0.0
574,1,35.29582429902352,0,0,7.75,1.0,0.0,0.0,1.0,0.0,1.0,0.0,0.0,0.0,1.0
575,0,16.0,0,0,8.05,1.0,0.0,0.0,0.0,1.0,0.0,1.0,0.0,0.0,1.0
576,0,19.0,0,0,14.5,1.0,0.0,0.0,0.0,1.0,0.0,1.0,0.0,0.0,1.0
577,1,34.0,0,0,13.0,1.0,0.0,0.0,0.0,1.0,1.0,0.0,0.0,1.0,0.0
578,1,39.0,1,0,55.9,0.0,1.0,0.0,0.0,1.0,1.0,0.0,1.0,0.0,0.0
579,0,20.07085523088026,1,0,14.4583,1.0,0.0,1.0,0.0,0.0,1.0,0.0,0.0,0.0,1.0
580,1,32.0,0,0,7.925,1.0,0.0,0.0,0.0,1.0,0.0,1.0,0.0,0.0,1.0
581,1,25.0,1,1,30.0,1.0,0.0,0.0,0.0,1.0,1.0,0.0,0.0,1.0,0.0
582,1,39.0,1,1,110.8833,0.0,1.0,1.0,0.0,0.0,1.0,0.0,1.0,0.0,0.0
583,0,54.0,0,0,26.0,1.0,0.0,0.0,0.0,1.0,0.0,1.0,0.0,1.0,0.0
584,0,36.0,0,0,40.125,0.0,1.0,1.0,0.0,0.0,0.0,1.0,1.0,0.0,0.0
585,0,29.042938654807113,0,0,8.7125,1.0,0.0,1.0,0.0,0.0,0.0,1.0,0.0,0.0,1.0
586,1,18.0,0,2,79.65,0.0,1.0,0.0,0.0,1.0,1.0,0.0,1.0,0.0,0.0
587,0,47.0,0,0,15.0,1.0,0.0,0.0,0.0,1.0,0.0,1.0,0.0,1.0,0.0
588,1,60.0,1,1,79.2,0.0,1.0,1.0,0.0,0.0,0.0,1.0,1.0,0.0,0.0
589,0,22.0,0,0,8.05,1.0,0.0,0.0,0.0,1.0,0.0,1.0,0.0,0.0,1.0
590,0,30.70572677927052,0,0,8.05,1.0,0.0,0.0,0.0,1.0,0.0,1.0,0.0,0.0,1.0
591,0,35.0,0,0,7.125,1.0,0.0,0.0,0.0,1.0,0.0,1.0,0.0,0.0,1.0
592,1,52.0,1,0,78.2667,0.0,1.0,1.0,0.0,0.0,1.0,0.0,1.0,0.0,0.0
593,0,47.0,0,0,7.25,1.0,0.0,0.0,0.0,1.0,0.0,1.0,0.0,0.0,1.0
594,0,27.467894283870724,0,2,7.75,1.0,0.0,0.0,1.0,0.0,1.0,0.0,0.0,0.0,1.0
595,0,37.0,1,0,26.0,1.0,0.0,0.0,0.0,1.0,0.0,1.0,0.0,1.0,0.0
596,0,36.0,1,1,24.15,1.0,0.0,0.0,0.0,1.0,0.0,1.0,0.0,0.0,1.0
597,1,24.401230137917672,0,0,33.0,1.0,0.0,0.0,0.0,1.0,1.0,0.0,0.0,1.0,0.0
598,0,49.0,0,0,0.0,1.0,0.0,0.0,0.0,1.0,0.0,1.0,0.0,0.0,1.0
599,0,29.518205142080145,0,0,7.225,1.0,0.0,1.0,0.0,0.0,0.0,1.0,0.0,0.0,1.0
600,1,49.0,1,0,56.9292,0.0,1.0,1.0,0.0,0.0,0.0,1.0,1.0,0.0,0.0
601,1,24.0,2,1,27.0,1.0,0.0,0.0,0.0,1.0,1.0,0.0,0.0,1.0,0.0
602,0,27.947206162930836,0,0,7.8958,1.0,0.0,0.0,0.0,1.0,0.0,1.0,0.0,0.0,1.0
603,0,37.51615833333333,0,0,42.4,1.0,0.0,0.0,0.0,1.0,0.0,1.0,1.0,0.0,0.0
604,0,44.0,0,0,8.05,1.0,0.0,0.0,0.0,1.0,0.0,1.0,0.0,0.0,1.0
605,1,35.0,0,0,26.55,1.0,0.0,1.0,0.0,0.0,0.0,1.0,1.0,0.0,0.0
606,0,36.0,1,0,15.55,1.0,0.0,0.0,0.0,1.0,0.0,1.0,0.0,0.0,1.0
607,0,30.0,0,0,7.8958,1.0,0.0,0.0,0.0,1.0,0.0,1.0,0.0,0.0,1.0
608,1,27.0,0,0,30.5,1.0,0.0,0.0,0.0,1.0,0.0,1.0,1.0,0.0,0.0
609,1,22.0,1,2,41.5792,1.0,0.0,1.0,0.0,0.0,1.0,0.0,0.0,1.0,0.0
610,1,40.0,0,0,153.4625,0.0,1.0,0.0,0.0,1.0,1.0,0.0,1.0,0.0,0.0
611,0,39.0,1,5,31.275,1.0,0.0,0.0,0.0,1.0,1.0,0.0,0.0,0.0,1.0
612,0,27.868736986624462,0,0,7.05,1.0,0.0,0.0,0.0,1.0,0.0,1.0,0.0,0.0,1.0
613,1,33.1283186868687,1,0,15.5,1.0,0.0,0.0,1.0,0.0,1.0,0.0,0.0,0.0,1.0
614,0,35.29582429902352,0,0,7.75,1.0,0.0,0.0,1.0,0.0,0.0,1.0,0.0,0.0,1.0
615,0,35.0,0,0,8.05,1.0,0.0,0.0,0.0,1.0,0.0,1.0,0.0,0.0,1.0
616,1,24.0,1,2,65.0,1.0,0.0,0.0,0.0,1.0,1.0,0.0,0.0,1.0,0.0
617,0,34.0,1,1,14.4,1.0,0.0,0.0,0.0,1.0,0.0,1.0,0.0,0.0,1.0
618,0,26.0,1,0,16.1,1.0,0.0,0.0,0.0,1.0,1.0,0.0,0.0,0.0,1.0
619,1,4.0,2,1,39.0,0.0,1.0,0.0,0.0,1.0,1.0,0.0,0.0,1.0,0.0
620,0,26.0,0,0,10.5,1.0,0.0,0.0,0.0,1.0,0.0,1.0,0.0,1.0,0.0
621,0,27.0,1,0,14.4542,1.0,0.0,1.0,0.0,0.0,0.0,1.0,0.0,0.0,1.0
622,1,42.0,1,0,52.5542,0.0,1.0,0.0,0.0,1.0,0.0,1.0,1.0,0.0,0.0
623,1,20.0,1,1,15.7417,1.0,0.0,1.0,0.0,0.0,0.0,1.0,0.0,0.0,1.0
624,0,21.0,0,0,7.8542,1.0,0.0,0.0,0.0,1.0,0.0,1.0,0.0,0.0,1.0
625,0,21.0,0,0,16.1,1.0,0.0,0.0,0.0,1.0,0.0,1.0,0.0,0.0,1.0
626,0,61.0,0,0,32.3208,0.0,1.0,0.0,0.0,1.0,0.0,1.0,1.0,0.0,0.0
627,0,57.0,0,0,12.35,1.0,0.0,0.0,1.0,0.0,0.0,1.0,0.0,1.0,0.0
628,1,21.0,0,0,77.9583,0.0,1.0,0.0,0.0,1.0,1.0,0.0,1.0,0.0,0.0
629,0,26.0,0,0,7.8958,1.0,0.0,0.0,0.0,1.0,0.0,1.0,0.0,0.0,1.0
630,0,19.89558112671213,0,0,7.7333,1.0,0.0,0.0,1.0,0.0,0.0,1.0,0.0,0.0,1.0
631,1,80.0,0,0,30.0,0.0,1.0,0.0,0.0,1.0,0.0,1.0,1.0,0.0,0.0
632,0,51.0,0,0,7.0542,1.0,0.0,0.0,0.0,1.0,0.0,1.0,0.0,0.0,1.0
633,1,32.0,0,0,30.5,0.0,1.0,1.0,0.0,0.0,0.0,1.0,1.0,0.0,0.0
634,0,38.83477483766232,0,0,0.0,1.0,0.0,0.0,0.0,1.0,0.0,1.0,1.0,0.0,0.0
635,0,9.0,3,2,27.9,1.0,0.0,0.0,0.0,1.0,1.0,0.0,0.0,0.0,1.0
636,1,28.0,0,0,13.0,1.0,0.0,0.0,0.0,1.0,1.0,0.0,0.0,1.0,0.0
637,0,32.0,0,0,7.925,1.0,0.0,0.0,0.0,1.0,0.0,1.0,0.0,0.0,1.0
638,0,31.0,1,1,26.25,1.0,0.0,0.0,0.0,1.0,0.0,1.0,0.0,1.0,0.0
639,0,41.0,0,5,39.6875,1.0,0.0,0.0,0.0,1.0,1.0,0.0,0.0,0.0,1.0
640,0,26.689168488455994,1,0,16.1,1.0,0.0,0.0,0.0,1.0,0.0,1.0,0.0,0.0,1.0
641,0,20.0,0,0,7.8542,1.0,0.0,0.0,0.0,1.0,0.0,1.0,0.0,0.0,1.0
642,1,24.0,0,0,69.3,0.0,1.0,1.0,0.0,0.0,1.0,0.0,1.0,0.0,0.0
643,0,2.0,3,2,27.9,1.0,0.0,0.0,0.0,1.0,1.0,0.0,0.0,0.0,1.0
644,1,29.56889808802305,0,0,56.4958,1.0,0.0,0.0,0.0,1.0,0.0,1.0,0.0,0.0,1.0
645,1,0.75,2,1,19.2583,1.0,0.0,1.0,0.0,0.0,1.0,0.0,0.0,0.0,1.0
646,1,48.0,1,0,76.7292,0.0,1.0,1.0,0.0,0.0,0.0,1.0,1.0,0.0,0.0
647,0,19.0,0,0,7.8958,1.0,0.0,0.0,0.0,1.0,0.0,1.0,0.0,0.0,1.0
648,1,56.0,0,0,35.5,0.0,1.0,1.0,0.0,0.0,0.0,1.0,1.0,0.0,0.0
649,0,31.108384523809526,0,0,7.55,1.0,0.0,0.0,0.0,1.0,0.0,1.0,0.0,0.0,1.0
650,1,23.0,0,0,7.55,1.0,0.0,0.0,0.0,1.0,1.0,0.0,0.0,0.0,1.0
651,0,27.947206162930836,0,0,7.8958,1.0,0.0,0.0,0.0,1.0,0.0,1.0,0.0,0.0,1.0
652,1,18.0,0,1,23.0,1.0,0.0,0.0,0.0,1.0,1.0,0.0,0.0,1.0,0.0
653,0,21.0,0,0,8.4333,1.0,0.0,0.0,0.0,1.0,0.0,1.0,0.0,0.0,1.0
654,1,26.381424902342278,0,0,7.8292,1.0,0.0,0.0,1.0,0.0,1.0,0.0,0.0,0.0,1.0
655,0,18.0,0,0,6.75,1.0,0.0,0.0,1.0,0.0,1.0,0.0,0.0,0.0,1.0
656,0,24.0,2,0,73.5,1.0,0.0,0.0,0.0,1.0,0.0,1.0,0.0,1.0,0.0
657,0,27.947206162930836,0,0,7.8958,1.0,0.0,0.0,0.0,1.0,0.0,1.0,0.0,0.0,1.0
658,0,32.0,1,1,15.5,1.0,0.0,0.0,1.0,0.0,1.0,0.0,0.0,0.0,1.0
659,0,23.0,0,0,13.0,1.0,0.0,0.0,0.0,1.0,0.0,1.0,0.0,1.0,0.0
660,0,58.0,0,2,113.275,0.0,1.0,1.0,0.0,0.0,0.0,1.0,1.0,0.0,0.0
661,1,50.0,2,0,133.65,1.0,0.0,0.0,0.0,1.0,0.0,1.0,1.0,0.0,0.0
662,0,40.0,0,0,7.225,1.0,0.0,1.0,0.0,0.0,0.0,1.0,0.0,0.0,1.0
663,0,47.0,0,0,25.5875,0.0,1.0,0.0,0.0,1.0,0.0,1.0,1.0,0.0,0.0
664,0,36.0,0,0,7.4958,1.0,0.0,0.0,0.0,1.0,0.0,1.0,0.0,0.0,1.0
665,1,20.0,1,0,7.925,1.0,0.0,0.0,0.0,1.0,0.0,1.0,0.0,0.0,1.0
666,0,32.0,2,0,73.5,1.0,0.0,0.0,0.0,1.0,0.0,1.0,0.0,1.0,0.0
667,0,25.0,0,0,13.0,1.0,0.0,0.0,0.0,1.0,0.0,1.0,0.0,1.0,0.0
668,0,27.51545426285116,0,0,7.775,1.0,0.0,0.0,0.0,1.0,0.0,1.0,0.0,0.0,1.0
669,0,43.0,0,0,8.05,1.0,0.0,0.0,0.0,1.0,0.0,1.0,0.0,0.0,1.0
670,1,39.08817813852811,1,0,52.0,0.0,1.0,0.0,0.0,1.0,1.0,0.0,1.0,0.0,0.0
671,1,40.0,1,1,39.0,1.0,0.0,0.0,0.0,1.0,1.0,0.0,0.0,1.0,0.0
672,0,31.0,1,0,52.0,0.0,1.0,0.0,0.0,1.0,0.0,1.0,1.0,0.0,0.0
673,0,70.0,0,0,10.5,1.0,0.0,0.0,0.0,1.0,0.0,1.0,0.0,1.0,0.0
674,1,31.0,0,0,13.0,1.0,0.0,0.0,0.0,1.0,0.0,1.0,0.0,1.0,0.0
675,0,35.05181756856166,0,0,0.0,1.0,0.0,0.0,0.0,1.0,0.0,1.0,0.0,1.0,0.0
676,0,18.0,0,0,7.775,1.0,0.0,0.0,0.0,1.0,0.0,1.0,0.0,0.0,1.0
677,0,24.5,0,0,8.05,1.0,0.0,0.0,0.0,1.0,0.0,1.0,0.0,0.0,1.0
678,1,18.0,0,0,9.8417,1.0,0.0,0.0,0.0,1.0,1.0,0.0,0.0,0.0,1.0
679,0,43.0,1,6,46.9,1.0,0.0,0.0,0.0,1.0,1.0,0.0,0.0,0.0,1.0
680,1,36.0,0,1,512.3292,0.0,1.0,1.0,0.0,0.0,0.0,1.0,1.0,0.0,0.0
681,0,23.47643238964372,0,0,8.1375,1.0,0.0,0.0,1.0,0.0,1.0,0.0,0.0,0.0,1.0
682,1,27.0,0,0,76.7292,0.0,1.0,1.0,0.0,0.0,0.0,1.0,1.0,0.0,0.0
683,0,20.0,0,0,9.225,1.0,0.0,0.0,0.0,1.0,0.0,1.0,0.0,0.0,1.0
684,0,14.0,5,2,46.9,1.0,0.0,0.0,0.0,1.0,0.0,1.0,0.0,0.0,1.0
685,0,60.0,1,1,39.0,1.0,0.0,0.0,0.0,1.0,0.0,1.0,0.0,1.0,0.0
686,0,25.0,1,2,41.5792,1.0,0.0,1.0,0.0,0.0,0.0,1.0,0.0,1.0,0.0
687,0,14.0,4,1,39.6875,1.0,0.0,0.0,0.0,1.0,0.0,1.0,0.0,0.0,1.0
688,0,19.0,0,0,10.1708,1.0,0.0,0.0,0.0,1.0,0.0,1.0,0.0,0.0,1.0
689,0,18.0,0,0,7.7958,1.0,0.0,0.0,0.0,1.0,0.0,1.0,0.0,0.0,1.0
690,1,15.0,0,1,211.3375,0.0,1.0,0.0,0.0,1.0,1.0,0.0,1.0,0.0,0.0
691,1,31.0,1,0,57.0,0.0,1.0,0.0,0.0,1.0,0.0,1.0,1.0,0.0,0.0
692,1,4.0,0,1,13.4167,1.0,0.0,1.0,0.0,0.0,1.0,0.0,0.0,0.0,1.0
693,1,29.56889808802305,0,0,56.4958,1.0,0.0,0.0,0.0,1.0,0.0,1.0,0.0,0.0,1.0
694,0,25.0,0,0,7.225,1.0,0.0,1.0,0.0,0.0,0.0,1.0,0.0,0.0,1.0
695,0,60.0,0,0,26.55,1.0,0.0,0.0,0.0,1.0,0.0,1.0,1.0,0.0,0.0
696,0,52.0,0,0,13.5,1.0,0.0,0.0,0.0,1.0,0.0,1.0,0.0,1.0,0.0
697,0,44.0,0,0,8.05,1.0,0.0,0.0,0.0,1.0,0.0,1.0,0.0,0.0,1.0
698,1,19.89558112671213,0,0,7.7333,1.0,0.0,0.0,1.0,0.0,1.0,0.0,0.0,0.0,1.0
699,0,49.0,1,1,110.8833,0.0,1.0,1.0,0.0,0.0,0.0,1.0,1.0,0.0,0.0
700,0,42.0,0,0,7.65,0.0,1.0,0.0,0.0,1.0,0.0,1.0,0.0,0.0,1.0
701,1,18.0,1,0,227.525,0.0,1.0,1.0,0.0,0.0,1.0,0.0,1.0,0.0,0.0
702,1,35.0,0,0,26.2875,0.0,1.0,0.0,0.0,1.0,0.0,1.0,1.0,0.0,0.0
703,0,18.0,0,1,14.4542,1.0,0.0,1.0,0.0,0.0,1.0,0.0,0.0,0.0,1.0
704,0,25.0,0,0,7.7417,1.0,0.0,0.0,1.0,0.0,0.0,1.0,0.0,0.0,1.0
705,0,26.0,1,0,7.8542,1.0,0.0,0.0,0.0,1.0,0.0,1.0,0.0,0.0,1.0
706,0,39.0,0,0,26.0,1.0,0.0,0.0,0.0,1.0,0.0,1.0,0.0,1.0,0.0
707,1,45.0,0,0,13.5,1.0,0.0,0.0,0.0,1.0,1.0,0.0,0.0,1.0,0.0
708,1,42.0,0,0,26.2875,0.0,1.0,0.0,0.0,1.0,0.0,1.0,1.0,0.0,0.0
709,1,22.0,0,0,151.55,1.0,0.0,0.0,0.0,1.0,1.0,0.0,1.0,0.0,0.0
710,1,17.090249285714286,1,1,15.2458,1.0,0.0,1.0,0.0,0.0,0.0,1.0,0.0,0.0,1.0
711,1,24.0,0,0,49.5042,0.0,1.0,1.0,0.0,0.0,1.0,0.0,1.0,0.0,0.0
712,0,49.8994093015281,0,0,26.55,0.0,1.0,0.0,0.0,1.0,0.0,1.0,1.0,0.0,0.0
713,1,48.0,1,0,52.0,0.0,1.0,0.0,0.0,1.0,0.0,1.0,1.0,0.0,0.0
714,0,29.0,0,0,9.4833,1.0,0.0,0.0,0.0,1.0,0.0,1.0,0.0,0.0,1.0
715,0,52.0,0,0,13.0,1.0,0.0,0.0,0.0,1.0,0.0,1.0,0.0,1.0,0.0
716,0,19.0,0,0,7.65,0.0,1.0,0.0,0.0,1.0,0.0,1.0,0.0,0.0,1.0
717,1,38.0,0,0,227.525,0.0,1.0,1.0,0.0,0.0,1.0,0.0,1.0,0.0,0.0
718,1,27.0,0,0,10.5,0.0,1.0,0.0,0.0,1.0,1.0,0.0,0.0,1.0,0.0
719,0,27.308873908730178,0,0,15.5,1.0,0.0,0.0,1.0,0.0,0.0,1.0,0.0,0.0,1.0
720,0,33.0,0,0,7.775,1.0,0.0,0.0,0.0,1.0,0.0,1.0,0.0,0.0,1.0
721,1,6.0,0,1,33.0,1.0,0.0,0.0,0.0,1.0,1.0,0.0,0.0,1.0,0.0
722,0,17.0,1,0,7.0542,1.0,0.0,0.0,0.0,1.0,0.0,1.0,0.0,0.0,1.0
723,0,34.0,0,0,13.0,1.0,0.0,0.0,0.0,1.0,0.0,1.0,0.0,1.0,0.0
724,0,50.0,0,0,13.0,1.0,0.0,0.0,0.0,1.0,0.0,1.0,0.0,1.0,0.0
725,1,27.0,1,0,53.1,0.0,1.0,0.0,0.0,1.0,0.0,1.0,1.0,0.0,0.0
726,0,20.0,0,0,8.6625,1.0,0.0,0.0,0.0,1.0,0.0,1.0,0.0,0.0,1.0
727,1,30.0,3,0,21.0,1.0,0.0,0.0,0.0,1.0,1.0,0.0,0.0,1.0,0.0
728,1,19.89558112671213,0,0,7.7375,1.0,0.0,0.0,1.0,0.0,1.0,0.0,0.0,0.0,1.0
729,0,25.0,1,0,26.0,1.0,0.0,0.0,0.0,1.0,0.0,1.0,0.0,1.0,0.0
730,0,25.0,1,0,7.925,1.0,0.0,0.0,0.0,1.0,1.0,0.0,0.0,0.0,1.0
731,1,29.0,0,0,211.3375,0.0,1.0,0.0,0.0,1.0,1.0,0.0,1.0,0.0,0.0
732,0,11.0,0,0,18.7875,1.0,0.0,1.0,0.0,0.0,0.0,1.0,0.0,0.0,1.0
733,0,35.05181756856166,0,0,0.0,1.0,0.0,0.0,0.0,1.0,0.0,1.0,0.0,1.0,0.0
734,0,23.0,0,0,13.0,1.0,0.0,0.0,0.0,1.0,0.0,1.0,0.0,1.0,0.0
735,0,23.0,0,0,13.0,1.0,0.0,0.0,0.0,1.0,0.0,1.0,0.0,1.0,0.0
736,0,28.5,0,0,16.1,1.0,0.0,0.0,0.0,1.0,0.0,1.0,0.0,0.0,1.0
737,0,48.0,1,3,34.375,1.0,0.0,0.0,0.0,1.0,1.0,0.0,0.0,0.0,1.0
738,1,35.0,0,0,512.3292,0.0,1.0,1.0,0.0,0.0,0.0,1.0,1.0,0.0,0.0
739,0,27.947206162930836,0,0,7.8958,1.0,0.0,0.0,0.0,1.0,0.0,1.0,0.0,0.0,1.0
740,0,27.947206162930836,0,0,7.8958,1.0,0.0,0.0,0.0,1.0,0.0,1.0,0.0,0.0,1.0
741,1,38.4266317501942,0,0,30.0,0.0,1.0,0.0,0.0,1.0,0.0,1.0,1.0,0.0,0.0
742,0,36.0,1,0,78.85,0.0,1.0,0.0,0.0,1.0,0.0,1.0,1.0,0.0,0.0
743,1,21.0,2,2,262.375,0.0,1.0,1.0,0.0,0.0,1.0,0.0,1.0,0.0,0.0
744,0,24.0,1,0,16.1,1.0,0.0,0.0,0.0,1.0,0.0,1.0,0.0,0.0,1.0
745,1,31.0,0,0,7.925,1.0,0.0,0.0,0.0,1.0,0.0,1.0,0.0,0.0,1.0
746,0,70.0,1,1,71.0,0.0,1.0,0.0,0.0,1.0,0.0,1.0,1.0,0.0,0.0
747,0,16.0,1,1,20.25,1.0,0.0,0.0,0.0,1.0,0.0,1.0,0.0,0.0,1.0
748,1,30.0,0,0,13.0,1.0,0.0,0.0,0.0,1.0,1.0,0.0,0.0,1.0,0.0
749,0,19.0,1,0,53.1,0.0,1.0,0.0,0.0,1.0,0.0,1.0,1.0,0.0,0.0
750,0,31.0,0,0,7.75,1.0,0.0,0.0,1.0,0.0,0.0,1.0,0.0,0.0,1.0
751,1,4.0,1,1,23.0,1.0,0.0,0.0,0.0,1.0,1.0,0.0,0.0,1.0,0.0
752,1,6.0,0,1,12.475,0.0,1.0,0.0,0.0,1.0,0.0,1.0,0.0,0.0,1.0
753,0,33.0,0,0,9.5,1.0,0.0,0.0,0.0,1.0,0.0,1.0,0.0,0.0,1.0
754,0,23.0,0,0,7.8958,1.0,0.0,0.0,0.0,1.0,0.0,1.0,0.0,0.0,1.0
755,1,48.0,1,2,65.0,1.0,0.0,0.0,0.0,1.0,1.0,0.0,0.0,1.0,0.0
756,1,0.67,1,1,14.5,1.0,0.0,0.0,0.0,1.0,0.0,1.0,0.0,1.0,0.0
757,0,28.0,0,0,7.7958,1.0,0.0,0.0,0.0,1.0,0.0,1.0,0.0,0.0,1.0
758,0,18.0,0,0,11.5,1.0,0.0,0.0,0.0,1.0,0.0,1.0,0.0,1.0,0.0
759,0,34.0,0,0,8.05,1.0,0.0,0.0,0.0,1.0,0.0,1.0,0.0,0.0,1.0
760,1,33.0,0,0,86.5,0.0,1.0,0.0,0.0,1.0,1.0,0.0,1.0,0.0,0.0
761,0,24.33696696428572,0,0,14.5,1.0,0.0,0.0,0.0,1.0,0.0,1.0,0.0,0.0,1.0
762,0,41.0,0,0,7.125,1.0,0.0,0.0,0.0,1.0,0.0,1.0,0.0,0.0,1.0
763,1,20.0,0,0,7.2292,1.0,0.0,1.0,0.0,0.0,0.0,1.0,0.0,0.0,1.0
764,1,36.0,1,2,120.0,0.0,1.0,0.0,0.0,1.0,1.0,0.0,1.0,0.0,0.0
765,0,16.0,0,0,7.775,1.0,0.0,0.0,0.0,1.0,0.0,1.0,0.0,0.0,1.0
766,1,51.0,1,0,77.9583,0.0,1.0,0.0,0.0,1.0,1.0,0.0,1.0,0.0,0.0
767,0,39.1629023809524,0,0,39.6,1.0,0.0,1.0,0.0,0.0,0.0,1.0,1.0,0.0,0.0
768,0,30.5,0,0,7.75,1.0,0.0,0.0,1.0,0.0,1.0,0.0,0.0,0.0,1.0
769,0,33.54315507564331,1,0,24.15,1.0,0.0,0.0,1.0,0.0,0.0,1.0,0.0,0.0,1.0
770,0,32.0,0,0,8.3625,1.0,0.0,0.0,0.0,1.0,0.0,1.0,0.0,0.0,1.0
771,0,24.0,0,0,9.5,1.0,0.0,0.0,0.0,1.0,0.0,1.0,0.0,0.0,1.0
772,0,48.0,0,0,7.8542,1.0,0.0,0.0,0.0,1.0,0.0,1.0,0.0,0.0,1.0
773,0,57.0,0,0,10.5,0.0,1.0,0.0,0.0,1.0,1.0,0.0,0.0,1.0,0.0
774,0,29.518205142080145,0,0,7.225,1.0,0.0,1.0,0.0,0.0,0.0,1.0,0.0,0.0,1.0
775,1,54.0,1,3,23.0,1.0,0.0,0.0,0.0,1.0,1.0,0.0,0.0,1.0,0.0
776,0,18.0,0,0,7.75,1.0,0.0,0.0,0.0,1.0,0.0,1.0,0.0,0.0,1.0
777,0,35.29582429902352,0,0,7.75,0.0,1.0,0.0,1.0,0.0,0.0,1.0,0.0,0.0,1.0
778,1,5.0,0,0,12.475,1.0,0.0,0.0,0.0,1.0,1.0,0.0,0.0,0.0,1.0
779,0,19.89558112671213,0,0,7.7375,1.0,0.0,0.0,1.0,0.0,0.0,1.0,0.0,0.0,1.0
780,1,43.0,0,1,211.3375,0.0,1.0,0.0,0.0,1.0,1.0,0.0,1.0,0.0,0.0
781,1,13.0,0,0,7.2292,1.0,0.0,1.0,0.0,0.0,1.0,0.0,0.0,0.0,1.0
782,1,17.0,1,0,57.0,0.0,1.0,0.0,0.0,1.0,1.0,0.0,1.0,0.0,0.0
783,0,29.0,0,0,30.0,0.0,1.0,0.0,0.0,1.0,0.0,1.0,1.0,0.0,0.0
784,0,16.127950198412705,1,2,23.45,1.0,0.0,0.0,0.0,1.0,0.0,1.0,0.0,0.0,1.0
785,0,25.0,0,0,7.05,1.0,0.0,0.0,0.0,1.0,0.0,1.0,0.0,0.0,1.0
786,0,25.0,0,0,7.25,1.0,0.0,0.0,0.0,1.0,0.0,1.0,0.0,0.0,1.0
787,1,18.0,0,0,7.4958,1.0,0.0,0.0,0.0,1.0,1.0,0.0,0.0,0.0,1.0
788,0,8.0,4,1,29.125,1.0,0.0,0.0,1.0,0.0,0.0,1.0,0.0,0.0,1.0
789,1,1.0,1,2,20.575,1.0,0.0,0.0,0.0,1.0,0.0,1.0,0.0,0.0,1.0
790,0,46.0,0,0,79.2,0.0,1.0,1.0,0.0,0.0,0.0,1.0,1.0,0.0,0.0
791,0,35.29582429902352,0,0,7.75,1.0,0.0,0.0,1.0,0.0,0.0,1.0,0.0,0.0,1.0
792,0,16.0,0,0,26.0,1.0,0.0,0.0,0.0,1.0,0.0,1.0,0.0,1.0,0.0
793,0,10.869866956654466,8,2,69.55,1.0,0.0,0.0,0.0,1.0,1.0,0.0,0.0,0.0,1.0
794,0,50.38328427128426,0,0,30.6958,1.0,0.0,1.0,0.0,0.0,0.0,1.0,1.0,0.0,0.0
795,0,25.0,0,0,7.8958,1.0,0.0,0.0,0.0,1.0,0.0,1.0,0.0,0.0,1.0
796,0,39.0,0,0,13.0,1.0,0.0,0.0,0.0,1.0,0.0,1.0,0.0,1.0,0.0
797,1,49.0,0,0,25.9292,0.0,1.0,0.0,0.0,1.0,1.0,0.0,1.0,0.0,0.0
798,1,31.0,0,0,8.6833,1.0,0.0,0.0,0.0,1.0,1.0,0.0,0.0,0.0,1.0
799,0,30.0,0,0,7.2292,1.0,0.0,1.0,0.0,0.0,0.0,1.0,0.0,0.0,1.0
800,0,30.0,1,1,24.15,1.0,0.0,0.0,0.0,1.0,1.0,0.0,0.0,0.0,1.0
801,0,34.0,0,0,13.0,1.0,0.0,0.0,0.0,1.0,0.0,1.0,0.0,1.0,0.0
802,1,31.0,1,1,26.25,1.0,0.0,0.0,0.0,1.0,1.0,0.0,0.0,1.0,0.0
803,1,11.0,1,2,120.0,0.0,1.0,0.0,0.0,1.0,0.0,1.0,1.0,0.0,0.0
804,1,0.42,0,1,8.5167,1.0,0.0,1.0,0.0,0.0,0.0,1.0,0.0,0.0,1.0
805,1,27.0,0,0,6.975,1.0,0.0,0.0,0.0,1.0,0.0,1.0,0.0,0.0,1.0
806,0,31.0,0,0,7.775,1.0,0.0,0.0,0.0,1.0,0.0,1.0,0.0,0.0,1.0
807,0,39.0,0,0,0.0,0.0,1.0,0.0,0.0,1.0,0.0,1.0,1.0,0.0,0.0
808,0,18.0,0,0,7.775,1.0,0.0,0.0,0.0,1.0,1.0,0.0,0.0,0.0,1.0
809,0,39.0,0,0,13.0,1.0,0.0,0.0,0.0,1.0,0.0,1.0,0.0,1.0,0.0
810,1,33.0,1,0,53.1,0.0,1.0,0.0,0.0,1.0,1.0,0.0,1.0,0.0,0.0
811,0,26.0,0,0,7.8875,1.0,0.0,0.0,0.0,1.0,0.0,1.0,0.0,0.0,1.0
812,0,39.0,0,0,24.15,1.0,0.0,0.0,0.0,1.0,0.0,1.0,0.0,0.0,1.0
813,0,35.0,0,0,10.5,1.0,0.0,0.0,0.0,1.0,0.0,1.0,0.0,1.0,0.0
814,0,6.0,4,2,31.275,1.0,0.0,0.0,0.0,1.0,1.0,0.0,0.0,0.0,1.0
815,0,30.5,0,0,8.05,1.0,0.0,0.0,0.0,1.0,0.0,1.0,0.0,0.0,1.0
816,0,38.83477483766232,0,0,0.0,0.0,1.0,0.0,0.0,1.0,0.0,1.0,1.0,0.0,0.0
817,0,23.0,0,0,7.925,1.0,0.0,0.0,0.0,1.0,1.0,0.0,0.0,0.0,1.0
818,0,31.0,1,1,37.0042,1.0,0.0,1.0,0.0,0.0,0.0,1.0,0.0,1.0,0.0
819,0,43.0,0,0,6.45,1.0,0.0,0.0,0.0,1.0,0.0,1.0,0.0,0.0,1.0
820,0,10.0,3,2,27.9,1.0,0.0,0.0,0.0,1.0,0.0,1.0,0.0,0.0,1.0
821,1,52.0,1,1,93.5,0.0,1.0,0.0,0.0,1.0,1.0,0.0,1.0,0.0,0.0
822,1,27.0,0,0,8.6625,1.0,0.0,0.0,0.0,1.0,0.0,1.0,0.0,0.0,1.0
823,0,38.0,0,0,0.0,1.0,0.0,0.0,0.0,1.0,0.0,1.0,1.0,0.0,0.0
824,1,27.0,0,1,12.475,0.0,1.0,0.0,0.0,1.0,1.0,0.0,0.0,0.0,1.0
825,0,2.0,4,1,39.6875,1.0,0.0,0.0,0.0,1.0,0.0,1.0,0.0,0.0,1.0
826,0,35.10103453629703,0,0,6.95,1.0,0.0,0.0,1.0,0.0,0.0,1.0,0.0,0.0,1.0
827,0,29.56889808802305,0,0,56.4958,1.0,0.0,0.0,0.0,1.0,0.0,1.0,0.0,0.0,1.0
828,1,1.0,0,2,37.0042,1.0,0.0,1.0,0.0,0.0,0.0,1.0,0.0,1.0,0.0
829,1,35.29582429902352,0,0,7.75,1.0,0.0,0.0,1.0,0.0,0.0,1.0,0.0,0.0,1.0
830,1,62.0,0,0,80.0,0.0,1.0,0.0,0.0,0.0,1.0,0.0,1.0,0.0,0.0
831,1,15.0,1,0,14.4542,1.0,0.0,1.0,0.0,0.0,1.0,0.0,0.0,0.0,1.0
832,1,0.83,1,1,18.75,1.0,0.0,0.0,0.0,1.0,0.0,1.0,0.0,1.0,0.0
833,0,22.876306861888096,0,0,7.2292,1.0,0.0,1.0,0.0,0.0,0.0,1.0,0.0,0.0,1.0
834,0,23.0,0,0,7.8542,1.0,0.0,0.0,0.0,1.0,0.0,1.0,0.0,0.0,1.0
835,0,18.0,0,0,8.3,1.0,0.0,0.0,0.0,1.0,0.0,1.0,0.0,0.0,1.0
836,1,39.0,1,1,83.1583,0.0,1.0,1.0,0.0,0.0,1.0,0.0,1.0,0.0,0.0
837,0,21.0,0,0,8.6625,1.0,0.0,0.0,0.0,1.0,0.0,1.0,0.0,0.0,1.0
838,0,30.70572677927052,0,0,8.05,1.0,0.0,0.0,0.0,1.0,0.0,1.0,0.0,0.0,1.0
839,1,32.0,0,0,56.4958,1.0,0.0,0.0,0.0,1.0,0.0,1.0,0.0,0.0,1.0
840,1,50.910950126262655,0,0,29.7,0.0,1.0,1.0,0.0,0.0,0.0,1.0,1.0,0.0,0.0
841,0,20.0,0,0,7.925,1.0,0.0,0.0,0.0,1.0,0.0,1.0,0.0,0.0,1.0
842,0,16.0,0,0,10.5,1.0,0.0,0.0,0.0,1.0,0.0,1.0,0.0,1.0,0.0
843,1,30.0,0,0,31.0,1.0,0.0,1.0,0.0,0.0,1.0,0.0,1.0,0.0,0.0
844,0,34.5,0,0,6.4375,1.0,0.0,1.0,0.0,0.0,0.0,1.0,0.0,0.0,1.0
845,0,17.0,0,0,8.6625,1.0,0.0,0.0,0.0,1.0,0.0,1.0,0.0,0.0,1.0
846,0,42.0,0,0,7.55,1.0,0.0,0.0,0.0,1.0,0.0,1.0,0.0,0.0,1.0
847,0,10.869866956654466,8,2,69.55,1.0,0.0,0.0,0.0,1.0,0.0,1.0,0.0,0.0,1.0
848,0,35.0,0,0,7.8958,1.0,0.0,1.0,0.0,0.0,0.0,1.0,0.0,0.0,1.0
849,0,28.0,0,1,33.0,1.0,0.0,0.0,0.0,1.0,0.0,1.0,0.0,1.0,0.0
850,1,43.96476448412697,1,0,89.1042,0.0,1.0,1.0,0.0,0.0,1.0,0.0,1.0,0.0,0.0
851,0,4.0,4,2,31.275,1.0,0.0,0.0,0.0,1.0,0.0,1.0,0.0,0.0,1.0
852,0,74.0,0,0,7.775,1.0,0.0,0.0,0.0,1.0,0.0,1.0,0.0,0.0,1.0
853,0,9.0,1,1,15.2458,1.0,0.0,1.0,0.0,0.0,1.0,0.0,0.0,0.0,1.0
854,1,16.0,0,1,39.4,0.0,1.0,0.0,0.0,1.0,1.0,0.0,1.0,0.0,0.0
855,0,44.0,1,0,26.0,1.0,0.0,0.0,0.0,1.0,1.0,0.0,0.0,1.0,0.0
856,1,18.0,0,1,9.35,1.0,0.0,0.0,0.0,1.0,1.0,0.0,0.0,0.0,1.0
857,1,45.0,1,1,164.8667,1.0,0.0,0.0,0.0,1.0,1.0,0.0,1.0,0.0,0.0
858,1,51.0,0,0,26.55,0.0,1.0,0.0,0.0,1.0,0.0,1.0,1.0,0.0,0.0
859,1,24.0,0,3,19.2583,1.0,0.0,1.0,0.0,0.0,1.0,0.0,0.0,0.0,1.0
860,0,22.876306861888096,0,0,7.2292,1.0,0.0,1.0,0.0,0.0,0.0,1.0,0.0,0.0,1.0
861,0,41.0,2,0,14.1083,1.0,0.0,0.0,0.0,1.0,0.0,1.0,0.0,0.0,1.0
862,0,21.0,1,0,11.5,1.0,0.0,0.0,0.0,1.0,0.0,1.0,0.0,1.0,0.0
863,1,48.0,0,0,25.9292,0.0,1.0,0.0,0.0,1.0,1.0,0.0,1.0,0.0,0.0
864,0,10.869866956654466,8,2,69.55,1.0,0.0,0.0,0.0,1.0,1.0,0.0,0.0,0.0,1.0
865,0,24.0,0,0,13.0,1.0,0.0,0.0,0.0,1.0,0.0,1.0,0.0,1.0,0.0
866,1,42.0,0,0,13.0,1.0,0.0,0.0,0.0,1.0,1.0,0.0,0.0,1.0,0.0
867,1,27.0,1,0,13.8583,1.0,0.0,1.0,0.0,0.0,1.0,0.0,0.0,1.0,0.0
868,0,31.0,0,0,50.4958,0.0,1.0,0.0,0.0,1.0,0.0,1.0,1.0,0.0,0.0
869,0,25.977889156023696,0,0,9.5,1.0,0.0,0.0,0.0,1.0,0.0,1.0,0.0,0.0,1.0
870,1,4.0,1,1,11.1333,1.0,0.0,0.0,0.0,1.0,0.0,1.0,0.0,0.0,1.0
871,0,26.0,0,0,7.8958,1.0,0.0,0.0,0.0,1.0,0.0,1.0,0.0,0.0,1.0
872,1,47.0,1,1,52.5542,0.0,1.0,0.0,0.0,1.0,1.0,0.0,1.0,0.0,0.0
873,0,33.0,0,0,5.0,0.0,1.0,0.0,0.0,1.0,0.0,1.0,1.0,0.0,0.0
874,0,47.0,0,0,9.0,1.0,0.0,0.0,0.0,1.0,0.0,1.0,0.0,0.0,1.0
875,1,28.0,1,0,24.0,1.0,0.0,1.0,0.0,0.0,1.0,0.0,0.0,1.0,0.0
876,1,15.0,0,0,7.225,1.0,0.0,1.0,0.0,0.0,1.0,0.0,0.0,0.0,1.0
877,0,20.0,0,0,9.8458,1.0,0.0,0.0,0.0,1.0,0.0,1.0,0.0,0.0,1.0
878,0,19.0,0,0,7.8958,1.0,0.0,0.0,0.0,1.0,0.0,1.0,0.0,0.0,1.0
879,0,27.947206162930836,0,0,7.8958,1.0,0.0,0.0,0.0,1.0,0.0,1.0,0.0,0.0,1.0
880,1,56.0,0,1,83.1583,0.0,1.0,1.0,0.0,0.0,1.0,0.0,1.0,0.0,0.0
881,1,25.0,0,1,26.0,1.0,0.0,0.0,0.0,1.0,1.0,0.0,0.0,1.0,0.0
882,0,33.0,0,0,7.8958,1.0,0.0,0.0,0.0,1.0,0.0,1.0,0.0,0.0,1.0
883,0,22.0,0,0,10.5167,1.0,0.0,0.0,0.0,1.0,1.0,0.0,0.0,0.0,1.0
884,0,28.0,0,0,10.5,1.0,0.0,0.0,0.0,1.0,0.0,1.0,0.0,1.0,0.0
885,0,25.0,0,0,7.05,1.0,0.0,0.0,0.0,1.0,0.0,1.0,0.0,0.0,1.0
886,0,39.0,0,5,29.125,1.0,0.0,0.0,1.0,0.0,1.0,0.0,0.0,0.0,1.0
887,0,27.0,0,0,13.0,1.0,0.0,0.0,0.0,1.0,0.0,1.0,0.0,1.0,0.0
888,1,19.0,0,0,30.0,0.0,1.0,0.0,0.0,1.0,1.0,0.0,1.0,0.0,0.0
889,0,16.127950198412705,1,2,23.45,1.0,0.0,0.0,0.0,1.0,1.0,0.0,0.0,0.0,1.0
890,1,26.0,0,0,30.0,0.0,1.0,1.0,0.0,0.0,0.0,1.0,1.0,0.0,0.0
891,0,32.0,0,0,7.75,1.0,0.0,0.0,1.0,0.0,0.0,1.0,0.0,0.0,1.0
