Survived,SibSp,Parch,"Fare_[0, 7.91]","Fare_(7.91, 14.454]","Fare_(14.454, 31]","Fare_(31, 512.329]",Embarked_C,Embarked_Q,Embarked_S,Sex_female,Sex_male,Pclass_1,Pclass_2,Pclass_3,Age_scaled,Fare_scaled,Title_id
0,1,0,1.0,0.0,0.0,0.0,0.0,0.0,1.0,0.0,1.0,0.0,0.0,1.0,-0.5613632320695808,-0.5024451714361923,1
1,1,0,0.0,0.0,0.0,1.0,1.0,0.0,0.0,1.0,0.0,1.0,0.0,0.0,0.6131818322662954,0.7868452935884461,2
1,0,0,0.0,1.0,0.0,0.0,0.0,0.0,1.0,1.0,0.0,0.0,0.0,1.0,-0.26772696598561174,-0.4888542575852486,3
1,1,0,0.0,0.0,0.0,1.0,0.0,0.0,1.0,1.0,0.0,1.0,0.0,0.0,0.3929546327033186,0.4207302360686478,2
0,0,0,0.0,1.0,0.0,0.0,0.0,0.0,1.0,0.0,1.0,0.0,0.0,1.0,0.3929546327033186,-0.4863374216869257,1
0,0,0,0.0,1.0,0.0,0.0,0.0,1.0,0.0,0.0,1.0,0.0,0.0,1.0,-0.42710153001403584,-0.47811642890864375,1
0,0,0,0.0,0.0,0.0,1.0,0.0,0.0,1.0,0.0,1.0,1.0,0.0,0.0,1.7877268966021715,0.395813560675251,1
0,3,1,0.0,0.0,1.0,0.0,0.0,0.0,1.0,0.0,1.0,0.0,0.0,1.0,-2.029544562489426,-0.22408312108167944,4
1,0,2,0.0,1.0,0.0,0.0,0.0,0.0,1.0,1.0,0.0,0.0,0.0,1.0,-0.19431789946461947,-0.4242561406845337,2
1,1,0,0.0,0.0,1.0,0.0,1.0,0.0,0.0,1.0,0.0,0.0,1.0,0.0,-1.148635764237519,-0.04295550208861426,2
1,1,1,0.0,0.0,1.0,0.0,0.0,0.0,1.0,1.0,0.0,0.0,0.0,1.0,-1.8827264294474415,-0.312172377522981,3
1,0,0,0.0,0.0,1.0,0.0,0.0,0.0,1.0,1.0,0.0,1.0,0.0,0.0,2.0813631626861406,-0.11384570873513637,3
0,0,0,0.0,1.0,0.0,0.0,0.0,0.0,1.0,0.0,1.0,0.0,0.0,1.0,-0.7081813651115653,-0.4863374216869257,1
0,1,5,0.0,0.0,0.0,1.0,0.0,0.0,1.0,0.0,1.0,0.0,0.0,1.0,0.6865908987872876,-0.01870931177853076,1
0,0,0,1.0,0.0,0.0,0.0,0.0,0.0,1.0,1.0,0.0,0.0,0.0,1.0,-1.148635764237519,-0.4902797934380587,3
1,0,0,0.0,0.0,1.0,0.0,0.0,0.0,1.0,1.0,0.0,0.0,1.0,0.0,1.8611359631231639,-0.3262666585535892,2
0,4,1,0.0,0.0,1.0,0.0,0.0,1.0,0.0,0.0,1.0,0.0,0.0,1.0,-2.029544562489426,-0.06199888922968463,4
1,0,0,0.0,1.0,0.0,0.0,0.0,0.0,1.0,0.0,1.0,0.0,1.0,0.0,0.17760862587549608,-0.3866707201133388,1
0,1,0,0.0,0.0,1.0,0.0,0.0,0.0,1.0,1.0,0.0,0.0,0.0,1.0,0.09931836661934956,-0.2859972841804228,2
1,0,0,1.0,0.0,0.0,0.0,1.0,0.0,0.0,1.0,0.0,0.0,0.0,1.0,-0.00945881067615335,-0.5029485386158568,2
0,0,0,0.0,0.0,1.0,0.0,0.0,0.0,1.0,0.0,1.0,0.0,1.0,0.0,0.3929546327033186,-0.12491978668775715,1
1,0,0,0.0,1.0,0.0,0.0,0.0,0.0,1.0,0.0,1.0,0.0,1.0,0.0,0.3195455661823263,-0.3866707201133388,1
1,0,0,0.0,1.0,0.0,0.0,0.0,1.0,0.0,1.0,0.0,0.0,0.0,1.0,-1.0752266977165266,-0.4867562231804066,3
1,0,0,0.0,0.0,0.0,1.0,0.0,0.0,1.0,0.0,1.0,1.0,0.0,0.0,-0.12090883294362723,0.06635974158478332,1
0,3,1,0.0,0.0,1.0,0.0,0.0,0.0,1.0,1.0,0.0,0.0,0.0,1.0,-1.5890901633634724,-0.22408312108167944,3
1,1,5,0.0,0.0,0.0,1.0,0.0,0.0,1.0,1.0,0.0,0.0,0.0,1.0,0.6131818322662954,-0.016444159470040135,2
0,0,0,1.0,0.0,0.0,0.0,1.0,0.0,0.0,0.0,1.0,0.0,0.0,1.0,-0.00945881067615335,-0.5029485386158568,1
0,3,2,0.0,0.0,0.0,1.0,0.0,0.0,1.0,0.0,1.0,1.0,0.0,0.0,-0.7815904316325576,4.647001076532463,1
1,0,0,1.0,0.0,0.0,0.0,0.0,1.0,0.0,1.0,0.0,0.0,0.0,1.0,-0.5334594740350361,-0.48977642625839407,3
0,0,0,1.0,0.0,0.0,0.0,0.0,0.0,1.0,0.0,1.0,0.0,0.0,1.0,-0.12478437924093588,-0.4894421904510968,1
0,0,0,0.0,0.0,1.0,0.0,1.0,0.0,0.0,0.0,1.0,1.0,0.0,0.0,0.7599999653082798,-0.09027201697708476,5
1,1,0,0.0,0.0,0.0,1.0,1.0,0.0,0.0,1.0,0.0,1.0,0.0,0.0,0.4743565925789988,2.301728820789,2
1,0,0,1.0,0.0,0.0,0.0,0.0,1.0,0.0,1.0,0.0,0.0,0.0,1.0,0.4146708183488622,-0.49237782784290063,3
0,0,0,0.0,1.0,0.0,0.0,0.0,0.0,1.0,0.0,1.0,0.0,1.0,0.0,2.668635694854079,-0.43700743807979686,1
0,1,0,0.0,0.0,0.0,1.0,1.0,0.0,0.0,0.0,1.0,1.0,0.0,0.0,-0.12090883294362723,1.0060617003323709,1
0,1,0,0.0,0.0,0.0,1.0,0.0,0.0,1.0,0.0,1.0,1.0,0.0,0.0,0.9068180983502644,0.39858208016340624,1
1,0,0,1.0,0.0,0.0,0.0,1.0,0.0,0.0,0.0,1.0,0.0,0.0,1.0,-0.4970343633524355,-0.5028639729296732,1
0,0,0,0.0,1.0,0.0,0.0,0.0,0.0,1.0,0.0,1.0,0.0,0.0,1.0,-0.634772298590573,-0.4863374216869257,1
0,2,0,0.0,0.0,1.0,0.0,0.0,0.0,1.0,1.0,0.0,0.0,0.0,1.0,-0.8549994981535498,-0.2859972841804228,3
1,1,0,0.0,1.0,0.0,0.0,1.0,0.0,0.0,1.0,0.0,0.0,0.0,1.0,-1.148635764237519,-0.42207354059350805,3
0,1,0,0.0,1.0,0.0,0.0,0.0,0.0,1.0,1.0,0.0,0.0,0.0,1.0,0.7599999653082798,-0.4576454924460446,2
0,1,0,0.0,0.0,1.0,0.0,0.0,0.0,1.0,1.0,0.0,0.0,1.0,0.0,-0.19431789946461947,-0.22559322262067316,2
0,0,0,1.0,0.0,0.0,0.0,1.0,0.0,0.0,0.0,1.0,0.0,0.0,1.0,-0.12478437924093588,-0.4894421904510968,1
1,1,2,0.0,0.0,0.0,1.0,1.0,0.0,0.0,1.0,0.0,0.0,1.0,0.0,-1.9561354959684336,0.18876253192945994,3
1,0,0,1.0,0.0,0.0,0.0,0.0,1.0,0.0,1.0,0.0,0.0,0.0,1.0,-0.7815904316325576,-0.48977642625839407,3
0,0,0,0.0,1.0,0.0,0.0,0.0,0.0,1.0,0.0,1.0,0.0,0.0,1.0,0.07771604418347255,-0.4863374216869257,1
0,1,0,0.0,0.0,1.0,0.0,0.0,1.0,0.0,0.0,1.0,0.0,0.0,1.0,0.25555625468156506,-0.3363340021468808,1
1,0,0,1.0,0.0,0.0,0.0,0.0,1.0,0.0,1.0,0.0,0.0,0.0,1.0,0.4146708183488622,-0.49237782784290063,3
0,2,0,0.0,0.0,1.0,0.0,1.0,0.0,0.0,0.0,1.0,0.0,0.0,1.0,-0.45428723828650885,-0.21191774308354583,1
0,1,0,0.0,0.0,1.0,0.0,0.0,0.0,1.0,1.0,0.0,0.0,0.0,1.0,-0.8549994981535498,-0.29002422161773944,2
0,4,1,0.0,0.0,0.0,1.0,0.0,0.0,1.0,0.0,1.0,0.0,0.0,1.0,-1.6624992298844647,0.1506737441786005,4
0,0,0,1.0,0.0,0.0,0.0,0.0,0.0,1.0,0.0,1.0,0.0,0.0,1.0,-0.634772298590573,-0.4913710934835715,1
1,1,0,0.0,0.0,0.0,1.0,1.0,0.0,0.0,1.0,0.0,1.0,0.0,0.0,1.4206815639972101,0.8964967865378598,2
1,1,0,0.0,0.0,1.0,0.0,0.0,0.0,1.0,1.0,0.0,0.0,1.0,0.0,-0.04749976642263496,-0.12491978668775715,2
0,0,1,0.0,0.0,0.0,1.0,1.0,0.0,0.0,0.0,1.0,1.0,0.0,0.0,2.5952266283330867,0.5995101505357573,1
1,0,0,0.0,0.0,0.0,1.0,0.0,0.0,1.0,0.0,1.0,1.0,0.0,0.0,1.0583953673923279,0.06635974158478332,1
1,0,0,0.0,1.0,0.0,0.0,0.0,0.0,1.0,1.0,0.0,0.0,1.0,0.0,-0.634772298590573,-0.43700743807979686,3
0,0,0,1.0,0.0,0.0,0.0,1.0,0.0,0.0,0.0,1.0,0.0,0.0,1.0,-0.08420429968313109,-0.5028639729296732,1
1,1,2,0.0,0.0,1.0,0.0,0.0,0.0,1.0,1.0,0.0,0.0,1.0,0.0,-1.8093173629264492,-0.08968408411123653,3
0,5,2,0.0,0.0,0.0,1.0,0.0,0.0,1.0,0.0,1.0,0.0,0.0,1.0,-1.3688629638004957,0.2958951755118318,4
0,0,0,1.0,0.0,0.0,0.0,1.0,0.0,0.0,0.0,1.0,0.0,0.0,1.0,-0.5613632320695808,-0.5028639729296732,1
1,0,0,0.0,0.0,0.0,1.0,0.0,0.0,0.0,1.0,0.0,1.0,0.0,0.0,0.6131818322662954,0.962353321387736,3
0,1,0,0.0,0.0,0.0,1.0,0.0,0.0,1.0,0.0,1.0,1.0,0.0,0.0,1.1270452979132413,1.0323213593611125,1
0,3,2,0.0,0.0,1.0,0.0,0.0,0.0,1.0,0.0,1.0,0.0,0.0,1.0,-1.8827264294474415,-0.08666388103324908,4
0,0,0,0.0,0.0,1.0,0.0,1.0,0.0,0.0,0.0,1.0,1.0,0.0,0.0,0.8480973401943294,-0.09027201697708476,1
1,1,1,0.0,0.0,1.0,0.0,1.0,0.0,0.0,0.0,1.0,0.0,0.0,1.0,-0.92178344885607,-0.3414522396297103,4
1,0,0,0.0,1.0,0.0,0.0,0.0,0.0,1.0,1.0,0.0,0.0,1.0,0.0,-0.04749976642263496,-0.43700743807979686,2
0,0,0,0.0,1.0,0.0,0.0,0.0,0.0,1.0,0.0,1.0,0.0,0.0,1.0,-0.7815904316325576,-0.4841568350646187,1
1,4,2,0.0,1.0,0.0,0.0,0.0,0.0,1.0,1.0,0.0,0.0,0.0,1.0,-0.928408564674542,-0.4888542575852486,3
0,2,0,0.0,1.0,0.0,0.0,0.0,0.0,1.0,0.0,1.0,0.0,0.0,1.0,-0.26772696598561174,-0.47400492578514347,1
0,0,0,0.0,1.0,0.0,0.0,0.0,0.0,1.0,0.0,1.0,0.0,1.0,0.0,0.1727274331403418,-0.43700743807979686,1
0,5,2,0.0,0.0,0.0,1.0,0.0,0.0,1.0,1.0,0.0,0.0,0.0,1.0,-1.0018176311955342,0.2958951755118318,3
0,0,0,0.0,0.0,0.0,1.0,0.0,0.0,1.0,0.0,1.0,0.0,1.0,0.0,-0.634772298590573,0.8314778546749452,1
0,1,0,0.0,1.0,0.0,0.0,1.0,0.0,0.0,0.0,1.0,0.0,0.0,1.0,-0.26772696598561174,-0.3573908580066095,1
1,0,0,0.0,0.0,0.0,1.0,0.0,0.0,1.0,0.0,1.0,0.0,0.0,1.0,0.1727274331403418,0.48910360681684706,1
0,0,0,1.0,0.0,0.0,0.0,0.0,0.0,1.0,0.0,1.0,0.0,0.0,1.0,-0.341136032506604,-0.494391296561559,1
0,0,0,1.0,0.0,0.0,0.0,0.0,0.0,1.0,0.0,1.0,0.0,0.0,1.0,-0.12478437924093588,-0.4894421904510968,1
0,0,0,0.0,1.0,0.0,0.0,0.0,0.0,1.0,0.0,1.0,0.0,0.0,1.0,0.07771604418347255,-0.4863374216869257,1
1,0,2,0.0,0.0,1.0,0.0,0.0,0.0,1.0,0.0,1.0,0.0,1.0,0.0,-2.1154331703189873,-0.06451572512800753,4
1,0,0,0.0,1.0,0.0,0.0,0.0,0.0,1.0,1.0,0.0,0.0,0.0,1.0,0.0259093000983573,-0.397241430886295,3
0,0,0,0.0,1.0,0.0,0.0,0.0,0.0,1.0,0.0,1.0,0.0,0.0,1.0,-0.5613632320695808,-0.46720946885967163,1
1,0,0,0.0,1.0,0.0,0.0,0.0,0.0,1.0,0.0,1.0,0.0,0.0,1.0,-0.04749976642263496,-0.45714212526638004,1
1,0,0,1.0,0.0,0.0,0.0,0.0,1.0,0.0,1.0,0.0,0.0,0.0,1.0,-0.4642703901185557,-0.49162277707340374,3
0,0,0,0.0,0.0,0.0,1.0,0.0,0.0,1.0,0.0,1.0,1.0,0.0,0.0,-0.12090883294362723,0.29992211294914856,1
1,0,0,0.0,1.0,0.0,0.0,0.0,0.0,1.0,1.0,0.0,0.0,1.0,0.0,-0.928408564674542,-0.43700743807979686,3
1,3,0,0.0,0.0,1.0,0.0,0.0,0.0,1.0,1.0,0.0,0.0,0.0,1.0,0.24613649966133408,-0.32928686163157667,2
0,1,3,0.0,0.0,0.0,1.0,0.0,0.0,1.0,0.0,1.0,0.0,0.0,1.0,-1.0018176311955342,0.04370821849987721,1
0,0,0,0.0,1.0,0.0,0.0,0.0,0.0,1.0,0.0,1.0,0.0,0.0,1.0,0.07771604418347255,-0.4863374216869257,1
1,3,2,0.0,0.0,0.0,1.0,0.0,0.0,1.0,1.0,0.0,1.0,0.0,0.0,-0.4879541655485885,4.647001076532463,3
0,0,0,0.0,1.0,0.0,0.0,0.0,0.0,1.0,0.0,1.0,0.0,0.0,1.0,-0.4145450990275963,-0.4863374216869257,1
0,0,0,0.0,1.0,0.0,0.0,0.0,0.0,1.0,0.0,1.0,0.0,0.0,1.0,-0.04749976642263496,-0.4863374216869257,1
0,0,0,1.0,0.0,0.0,0.0,0.0,0.0,1.0,0.0,1.0,0.0,0.0,1.0,-0.7081813651115653,-0.4902797934380587,1
0,1,0,0.0,0.0,0.0,1.0,0.0,0.0,1.0,0.0,1.0,1.0,0.0,0.0,1.2004543644342334,0.5833178351003071,1
0,1,2,0.0,0.0,1.0,0.0,0.0,0.0,1.0,0.0,1.0,0.0,0.0,1.0,-0.26772696598561174,-0.23415046467497105,1
0,0,0,1.0,0.0,0.0,0.0,0.0,0.0,1.0,0.0,1.0,0.0,0.0,1.0,2.1547722292071327,-0.5024451714361923,1
0,0,0,0.0,1.0,0.0,0.0,0.0,0.0,1.0,0.0,1.0,0.0,0.0,1.0,0.07771604418347255,-0.4863374216869257,1
0,0,0,0.0,0.0,0.0,1.0,1.0,0.0,0.0,0.0,1.0,1.0,0.0,0.0,3.0356810274590402,0.0493298231623713,1
1,0,1,0.0,0.0,0.0,1.0,1.0,0.0,0.0,0.0,1.0,1.0,0.0,0.0,-0.4879541655485885,0.6272778976347743,1
1,0,1,0.0,0.0,1.0,0.0,0.0,0.0,1.0,1.0,0.0,0.0,1.0,0.0,0.3195455661823263,-0.18532384824750675,2
0,1,0,0.0,0.0,1.0,0.0,0.0,0.0,1.0,0.0,1.0,0.0,1.0,0.0,0.3195455661823263,-0.12491978668775715,1
0,0,0,1.0,0.0,0.0,0.0,0.0,0.0,1.0,1.0,0.0,0.0,0.0,1.0,-0.12090883294362723,-0.4894421904510968,3
0,0,0,1.0,0.0,0.0,0.0,0.0,0.0,1.0,0.0,1.0,0.0,0.0,1.0,-0.12478437924093588,-0.4894421904510968,1
0,0,1,0.0,0.0,0.0,1.0,0.0,0.0,1.0,0.0,1.0,1.0,0.0,0.0,-0.634772298590573,0.907737982394129,1
0,0,0,0.0,1.0,0.0,0.0,0.0,0.0,1.0,0.0,1.0,0.0,0.0,1.0,0.24613649966133408,-0.4741720436887921,1
0,2,0,0.0,1.0,0.0,0.0,0.0,0.0,1.0,0.0,1.0,0.0,0.0,1.0,0.5397727657453031,-0.4888542575852486,1
0,0,0,1.0,0.0,0.0,0.0,0.0,0.0,1.0,0.0,1.0,0.0,0.0,1.0,-0.12090883294362723,-0.4894421904510968,1
1,0,0,1.0,0.0,0.0,0.0,0.0,0.0,1.0,1.0,0.0,0.0,0.0,1.0,-0.634772298590573,-0.494391296561559,3
1,0,0,1.0,0.0,0.0,0.0,0.0,0.0,1.0,0.0,1.0,0.0,0.0,1.0,-0.15647888319444955,-0.4918744606632361,1
0,0,0,1.0,0.0,0.0,0.0,0.0,0.0,1.0,0.0,1.0,0.0,0.0,1.0,0.6131818322662954,-0.4894421904510968,1
1,1,0,0.0,0.0,1.0,0.0,0.0,1.0,0.0,1.0,0.0,0.0,0.0,1.0,0.2860090067404486,-0.1621689579829361,3
0,0,0,0.0,0.0,0.0,1.0,0.0,0.0,1.0,0.0,1.0,1.0,0.0,0.0,1.2738634309552257,0.39858208016340624,1
0,1,0,0.0,1.0,0.0,0.0,1.0,0.0,0.0,1.0,0.0,0.0,0.0,1.0,-1.1119312309770226,-0.3573908580066095,3
0,0,0,0.0,1.0,0.0,0.0,0.0,0.0,1.0,0.0,1.0,0.0,0.0,1.0,-0.5613632320695808,-0.4863374216869257,1
0,1,0,0.0,1.0,0.0,0.0,0.0,0.0,1.0,1.0,0.0,0.0,0.0,1.0,-0.7081813651115653,-0.4505983519307405,3
0,0,0,0.0,0.0,1.0,0.0,1.0,0.0,0.0,1.0,0.0,0.0,0.0,1.0,-0.928408564674542,-0.3573083057891445,3
0,0,0,0.0,1.0,0.0,0.0,0.0,0.0,1.0,0.0,1.0,0.0,0.0,1.0,-0.634772298590573,-0.4888542575852486,1
0,0,0,1.0,0.0,0.0,0.0,0.0,1.0,0.0,0.0,1.0,0.0,0.0,1.0,2.998976494198544,-0.49237782784290063,1
0,1,0,0.0,0.0,1.0,0.0,0.0,0.0,1.0,0.0,1.0,0.0,1.0,0.0,-0.04749976642263496,-0.22559322262067316,1
0,0,1,0.0,0.0,0.0,1.0,1.0,0.0,0.0,0.0,1.0,1.0,0.0,0.0,-0.4145450990275963,4.335332226633905,1
0,4,2,0.0,0.0,0.0,1.0,0.0,0.0,1.0,1.0,0.0,0.0,0.0,1.0,-2.029544562489426,-0.01870931177853076,3
0,2,0,0.0,0.0,0.0,1.0,0.0,0.0,1.0,0.0,1.0,0.0,1.0,0.0,-0.634772298590573,0.8314778546749452,1
0,0,0,0.0,1.0,0.0,0.0,0.0,0.0,1.0,0.0,1.0,0.0,0.0,1.0,0.07771604418347255,-0.4863374216869257,1
0,1,0,0.0,0.0,1.0,0.0,1.0,0.0,0.0,0.0,1.0,0.0,1.0,0.0,0.20943196640083794,-0.04295550208861426,1
1,0,0,0.0,1.0,0.0,0.0,0.0,0.0,1.0,1.0,0.0,0.0,1.0,0.0,0.20943196640083794,-0.3866707201133388,3
0,0,1,0.0,0.0,0.0,1.0,0.0,0.0,1.0,0.0,1.0,1.0,0.0,0.0,1.7877268966021715,0.907737982394129,1
1,1,0,0.0,1.0,0.0,0.0,1.0,0.0,0.0,0.0,1.0,0.0,0.0,1.0,-1.2954538972795033,-0.42207354059350805,4
0,0,0,1.0,0.0,0.0,0.0,0.0,1.0,0.0,0.0,1.0,0.0,0.0,1.0,0.4146708183488622,-0.49237782784290063,1
1,0,0,1.0,0.0,0.0,0.0,0.0,0.0,1.0,0.0,1.0,0.0,0.0,1.0,-0.4145450990275963,-0.5046257580584992,1
1,1,1,0.0,0.0,1.0,0.0,1.0,0.0,0.0,1.0,0.0,0.0,0.0,1.0,-0.28288579256928614,-0.19824427701513722,3
0,0,0,1.0,0.0,0.0,0.0,0.0,0.0,1.0,0.0,1.0,0.0,0.0,1.0,1.1270452979132413,-0.5079822104125026,1
0,0,0,1.0,0.0,0.0,0.0,1.0,0.0,0.0,0.0,1.0,0.0,0.0,1.0,0.24613649966133408,-0.4894421904510968,1
0,0,0,1.0,0.0,0.0,0.0,0.0,0.0,1.0,0.0,1.0,0.0,0.0,1.0,-0.7081813651115653,-0.5064721088735089,1
0,1,0,0.0,0.0,1.0,0.0,0.0,0.0,1.0,1.0,0.0,0.0,0.0,1.0,1.2738634309552257,-0.35646868933346404,2
1,1,0,0.0,0.0,1.0,0.0,0.0,0.0,1.0,1.0,0.0,0.0,1.0,0.0,-0.04749976642263496,-0.12491978668775715,2
0,0,0,0.0,1.0,0.0,0.0,0.0,0.0,1.0,0.0,1.0,0.0,1.0,0.0,-0.341136032506604,-0.3866707201133388,1
0,0,0,0.0,0.0,1.0,0.0,1.0,0.0,0.0,0.0,1.0,0.0,1.0,0.0,-0.4879541655485885,-0.3454791770670269,1
1,0,2,0.0,0.0,1.0,0.0,0.0,0.0,1.0,1.0,0.0,1.0,0.0,0.0,-0.7815904316325576,-0.11921562980779811,3
0,1,0,0.0,0.0,0.0,1.0,0.0,0.0,1.0,0.0,1.0,1.0,0.0,0.0,0.5397727657453031,0.4207302360686478,1
0,0,0,0.0,1.0,0.0,0.0,0.0,0.0,1.0,0.0,1.0,0.0,0.0,1.0,-1.0018176311955342,-0.4628462821463391,1
0,0,0,0.0,0.0,0.0,1.0,1.0,0.0,0.0,0.0,1.0,1.0,0.0,0.0,-0.4145450990275963,0.9462455716384695,1
0,0,2,0.0,0.0,1.0,0.0,1.0,0.0,0.0,1.0,0.0,0.0,0.0,1.0,-0.3158533382545532,-0.3414522396297103,2
1,0,0,1.0,0.0,0.0,0.0,0.0,0.0,1.0,1.0,0.0,0.0,0.0,1.0,-0.5613632320695808,-0.49237782784290063,3
1,1,0,0.0,0.0,1.0,0.0,0.0,0.0,1.0,1.0,0.0,0.0,0.0,1.0,-0.4145450990275963,-0.32928686163157667,2
0,0,0,1.0,0.0,0.0,0.0,0.0,1.0,0.0,0.0,1.0,0.0,0.0,1.0,-0.7815904316325576,-0.5125125150294839,1
0,0,0,0.0,1.0,0.0,0.0,0.0,0.0,1.0,0.0,1.0,0.0,1.0,0.0,-0.8549994981535498,-0.41687275089321363,1
0,1,1,0.0,0.0,0.0,1.0,0.0,0.0,1.0,0.0,1.0,0.0,1.0,0.0,-0.7815904316325576,0.09152810056801232,1
1,0,0,1.0,0.0,0.0,0.0,0.0,0.0,1.0,0.0,1.0,0.0,0.0,1.0,-0.19431789946461947,-0.49145565916975514,1
0,2,2,0.0,0.0,0.0,1.0,0.0,0.0,1.0,1.0,0.0,0.0,0.0,1.0,-1.51568109684248,0.04370821849987721,3
0,0,2,0.0,0.0,1.0,0.0,0.0,0.0,1.0,0.0,1.0,0.0,1.0,0.0,0.503068232484807,-0.12491978668775715,1
0,0,0,0.0,1.0,0.0,0.0,0.0,0.0,1.0,0.0,1.0,0.0,1.0,0.0,0.9068180983502644,-0.3866707201133388,6
0,0,0,0.0,1.0,0.0,0.0,0.0,0.0,1.0,0.0,1.0,0.0,1.0,0.0,1.5674996970391948,-0.39623469652696586,6
1,1,0,0.0,0.0,0.0,1.0,0.0,0.0,1.0,1.0,0.0,1.0,0.0,0.0,-0.5613632320695808,0.6925485130875209,2
0,0,0,0.0,1.0,0.0,0.0,0.0,0.0,1.0,0.0,1.0,0.0,0.0,1.0,1.89784049638366,-0.4863374216869257,1
0,0,2,0.0,0.0,1.0,0.0,0.0,0.0,1.0,0.0,1.0,0.0,0.0,1.0,0.796704498568776,-0.35646868933346404,1
0,0,0,1.0,0.0,0.0,0.0,0.0,0.0,1.0,0.0,1.0,0.0,0.0,1.0,0.009964566742231491,-0.5011867534870308,1
0,0,1,0.0,0.0,0.0,1.0,1.0,0.0,0.0,0.0,1.0,1.0,0.0,0.0,1.5674996970391948,0.5874293382238074,1
1,0,0,1.0,0.0,0.0,0.0,0.0,1.0,0.0,1.0,0.0,0.0,0.0,1.0,-1.0018176311955342,-0.49271407711891657,3
0,0,0,0.0,1.0,0.0,0.0,0.0,0.0,1.0,0.0,1.0,0.0,0.0,1.0,0.0259093000983573,-0.4863374216869257,1
0,0,0,0.0,1.0,0.0,0.0,0.0,0.0,1.0,0.0,1.0,0.0,0.0,1.0,-0.3027134816262534,-0.47400492578514347,1
0,8,2,0.0,0.0,0.0,1.0,0.0,0.0,1.0,0.0,1.0,0.0,0.0,1.0,-1.378415909036027,0.7519458402879414,4
0,0,1,0.0,0.0,1.0,0.0,0.0,0.0,1.0,0.0,1.0,0.0,0.0,1.0,1.053636231392249,-0.32425318983493084,1
1,0,0,0.0,0.0,1.0,0.0,0.0,0.0,1.0,1.0,0.0,0.0,1.0,0.0,0.7599999653082798,-0.331300330350235,2
0,0,0,1.0,0.0,0.0,0.0,0.0,0.0,1.0,0.0,1.0,0.0,0.0,1.0,-0.26772696598561174,-0.4918744606632361,1
0,0,0,0.0,1.0,0.0,0.0,0.0,0.0,1.0,0.0,1.0,0.0,0.0,1.0,-0.928408564674542,-0.47400492578514347,1
0,4,1,0.0,0.0,0.0,1.0,0.0,0.0,1.0,0.0,1.0,0.0,0.0,1.0,-2.1029536290104183,0.1506737441786005,4
1,0,2,0.0,0.0,1.0,0.0,0.0,0.0,1.0,0.0,1.0,0.0,0.0,1.0,-1.51568109684248,-0.2351571990343002,4
1,0,1,0.0,0.0,0.0,1.0,0.0,0.0,1.0,1.0,0.0,1.0,0.0,0.0,-0.2653865276397805,0.4589861417231558,2
0,1,4,0.0,0.0,1.0,0.0,0.0,0.0,1.0,1.0,0.0,0.0,0.0,1.0,1.1270452979132413,-0.08666388103324908,2
0,0,0,0.0,0.0,1.0,0.0,0.0,0.0,1.0,0.0,1.0,1.0,0.0,0.0,1.4613704180390046,-0.12642988822675086,1
0,0,0,0.0,0.0,0.0,1.0,0.0,0.0,1.0,0.0,1.0,0.0,0.0,1.0,-0.12090883294362723,0.48910360681684706,1
0,0,0,0.0,0.0,0.0,1.0,0.0,0.0,1.0,0.0,1.0,1.0,0.0,0.0,2.3015903622491174,0.026090367211616904,1
0,4,1,0.0,0.0,1.0,0.0,0.0,1.0,0.0,0.0,1.0,0.0,0.0,1.0,-1.8827264294474415,-0.06199888922968463,4
1,1,1,0.0,1.0,0.0,0.0,0.0,0.0,1.0,1.0,0.0,0.0,0.0,1.0,-2.1029536290104183,-0.4242561406845337,3
0,0,0,0.0,1.0,0.0,0.0,0.0,0.0,1.0,0.0,1.0,0.0,0.0,1.0,-0.634772298590573,-0.4888542575852486,1
0,0,0,0.0,0.0,1.0,0.0,1.0,0.0,0.0,0.0,1.0,1.0,0.0,0.0,1.934545029644156,-0.030371322596999754,1
0,1,1,1.0,0.0,0.0,0.0,0.0,0.0,1.0,0.0,1.0,0.0,0.0,1.0,-0.8549994981535498,-0.4902797934380587,1
0,3,1,0.0,0.0,1.0,0.0,0.0,0.0,1.0,0.0,1.0,0.0,0.0,1.0,-1.6386387475803947,-0.13565761536436197,4
0,0,0,0.0,0.0,1.0,0.0,1.0,0.0,0.0,1.0,0.0,1.0,0.0,0.0,1.4940906305182025,-0.07030444769415023,3
0,0,0,0.0,1.0,0.0,0.0,0.0,0.0,1.0,0.0,1.0,0.0,1.0,0.0,0.0259093000983573,-0.3866707201133388,1
0,0,0,1.0,0.0,0.0,0.0,0.0,0.0,1.0,0.0,1.0,0.0,0.0,1.0,0.46636369922431087,-0.6484216535389205,1
0,8,2,0.0,0.0,0.0,1.0,0.0,0.0,1.0,1.0,0.0,0.0,0.0,1.0,-1.378415909036027,0.7519458402879414,3
0,0,0,0.0,0.0,1.0,0.0,1.0,0.0,0.0,0.0,1.0,0.0,1.0,0.0,0.15209511586065003,-0.34539461138084326,1
0,4,2,0.0,0.0,0.0,1.0,0.0,0.0,1.0,0.0,1.0,0.0,0.0,1.0,-1.51568109684248,-0.016444159470040135,4
1,2,1,0.0,0.0,0.0,1.0,0.0,0.0,1.0,0.0,1.0,0.0,1.0,0.0,-2.1029536290104183,0.13683114673782454,4
1,0,2,0.0,0.0,1.0,0.0,0.0,0.0,1.0,1.0,0.0,0.0,0.0,1.0,-1.8827264294474415,-0.20495516825442542,3
0,0,0,0.0,0.0,0.0,1.0,0.0,0.0,1.0,0.0,1.0,1.0,0.0,0.0,1.2187896174805086,0.3583127057902398,1
1,1,0,0.0,0.0,1.0,0.0,0.0,1.0,0.0,1.0,0.0,0.0,0.0,1.0,0.25555625468156506,-0.3363340021468808,2
1,0,0,0.0,0.0,1.0,0.0,0.0,0.0,1.0,0.0,1.0,1.0,0.0,0.0,1.1270452979132413,-0.11384570873513637,1
0,1,1,0.0,0.0,1.0,0.0,0.0,1.0,0.0,0.0,1.0,0.0,0.0,1.0,0.7599999653082798,-0.3363340021468808,1
0,0,0,1.0,0.0,0.0,0.0,0.0,0.0,1.0,0.0,1.0,0.0,0.0,1.0,0.46636369922431087,-0.4894421904510968,1
1,0,0,0.0,1.0,0.0,0.0,0.0,0.0,1.0,1.0,0.0,0.0,1.0,0.0,0.1727274331403418,-0.3866707201133388,2
0,0,0,0.0,1.0,0.0,0.0,0.0,0.0,1.0,0.0,1.0,0.0,1.0,0.0,-0.7815904316325576,-0.3866707201133388,1
1,1,0,1.0,0.0,0.0,0.0,0.0,0.0,1.0,1.0,0.0,0.0,0.0,1.0,-0.7815904316325576,-0.4902797934380587,3
1,1,1,0.0,0.0,1.0,0.0,0.0,0.0,1.0,0.0,1.0,0.0,1.0,0.0,-1.9561354959684336,-0.12491978668775715,4
1,0,0,0.0,0.0,1.0,0.0,1.0,0.0,0.0,1.0,0.0,1.0,0.0,0.0,1.053636231392249,-0.09027201697708476,2
1,0,0,0.0,0.0,0.0,1.0,1.0,0.0,0.0,1.0,0.0,1.0,0.0,0.0,2.0813631626861406,2.301728820789,3
0,0,0,1.0,0.0,0.0,0.0,0.0,1.0,0.0,0.0,1.0,0.0,0.0,1.0,0.4146708183488622,-0.49237782784290063,1
0,0,1,0.0,1.0,0.0,0.0,0.0,0.0,1.0,0.0,1.0,0.0,0.0,1.0,0.9068180983502644,-0.47920571548543794,1
1,0,0,1.0,0.0,0.0,0.0,0.0,1.0,0.0,1.0,0.0,0.0,0.0,1.0,0.4146708183488622,-0.49237782784290063,3
0,0,0,0.0,1.0,0.0,0.0,0.0,0.0,1.0,1.0,0.0,0.0,1.0,0.0,-0.4145450990275963,-0.3866707201133388,3
0,0,0,0.0,1.0,0.0,0.0,0.0,0.0,1.0,0.0,1.0,0.0,0.0,1.0,-0.12090883294362723,-0.45714212526638004,1
0,8,2,0.0,0.0,0.0,1.0,0.0,0.0,1.0,0.0,1.0,0.0,0.0,1.0,-1.378415909036027,0.7519458402879414,1
0,0,0,1.0,0.0,0.0,0.0,0.0,0.0,1.0,0.0,1.0,0.0,0.0,1.0,0.3195455661823263,-0.5176307525123133,1
0,0,0,1.0,0.0,0.0,0.0,1.0,0.0,0.0,0.0,1.0,0.0,0.0,1.0,1.1637498311737373,-0.5029485386158568,1
1,0,0,0.0,1.0,0.0,0.0,0.0,0.0,1.0,0.0,1.0,0.0,0.0,1.0,-0.8549994981535498,-0.4863374216869257,1
0,0,1,0.0,1.0,0.0,0.0,0.0,0.0,1.0,1.0,0.0,0.0,0.0,1.0,-2.029544562489426,-0.43776248884929375,3
0,1,0,0.0,0.0,1.0,0.0,0.0,0.0,1.0,0.0,1.0,0.0,0.0,1.0,0.1727274331403418,-0.32928686163157667,1
1,0,0,0.0,0.0,1.0,0.0,1.0,0.0,0.0,0.0,1.0,0.0,0.0,1.0,-0.26772696598561174,-0.2701412180209885,1
1,0,0,1.0,0.0,0.0,0.0,0.0,1.0,0.0,1.0,0.0,0.0,0.0,1.0,-1.0018176311955342,-0.49237782784290063,3
1,0,0,0.0,0.0,1.0,0.0,1.0,0.0,0.0,0.0,1.0,1.0,0.0,0.0,0.7599999653082798,-0.024246350754841113,1
0,0,0,1.0,0.0,0.0,0.0,0.0,0.0,1.0,0.0,1.0,0.0,0.0,1.0,-0.4145450990275963,-0.5064721088735089,1
1,0,0,0.0,0.0,1.0,0.0,0.0,0.0,1.0,1.0,0.0,0.0,1.0,0.0,0.3929546327033186,-0.22559322262067316,3
0,0,0,1.0,0.0,0.0,0.0,0.0,0.0,1.0,0.0,1.0,0.0,0.0,1.0,-0.5613632320695808,-0.5024451714361923,1
0,0,0,0.0,1.0,0.0,0.0,0.0,0.0,1.0,0.0,1.0,0.0,1.0,0.0,0.0259093000983573,-0.3866707201133388,1
0,1,0,1.0,0.0,0.0,0.0,0.0,1.0,0.0,0.0,1.0,0.0,0.0,1.0,0.10617696472967778,-0.49237782784290063,1
1,1,0,0.0,0.0,0.0,1.0,1.0,0.0,0.0,1.0,0.0,1.0,0.0,0.0,0.09931836661934956,1.6323350375212924,3
1,0,0,0.0,1.0,0.0,0.0,0.0,0.0,1.0,1.0,0.0,0.0,0.0,1.0,-0.19431789946461947,-0.4888542575852486,3
0,1,0,0.0,0.0,1.0,0.0,0.0,0.0,1.0,0.0,1.0,0.0,1.0,0.0,0.9068180983502644,-0.10478509950117394,1
1,0,0,0.0,0.0,0.0,1.0,1.0,0.0,0.0,1.0,0.0,1.0,0.0,0.0,0.1727274331403418,0.8876878608937296,3
0,0,0,0.0,1.0,0.0,0.0,0.0,0.0,1.0,0.0,1.0,0.0,1.0,0.0,0.0259093000983573,-0.43700743807979686,1
1,0,0,0.0,1.0,0.0,0.0,0.0,0.0,1.0,0.0,1.0,0.0,0.0,1.0,-1.0018176311955342,-0.4863374216869257,1
0,0,0,0.0,1.0,0.0,0.0,0.0,0.0,1.0,0.0,1.0,0.0,1.0,0.0,-0.19431789946461947,-0.3866707201133388,1
0,0,0,0.0,1.0,0.0,0.0,0.0,0.0,1.0,0.0,1.0,0.0,0.0,1.0,1.5674996970391948,-0.4863374216869257,1
0,0,0,1.0,0.0,0.0,0.0,0.0,0.0,1.0,0.0,1.0,0.0,0.0,1.0,-0.12478437924093588,-0.4894421904510968,1
1,1,0,0.0,0.0,0.0,1.0,0.0,0.0,1.0,0.0,1.0,1.0,0.0,0.0,0.6131818322662954,1.163700193253568,1
0,0,0,0.0,1.0,0.0,0.0,0.0,0.0,1.0,0.0,1.0,0.0,0.0,1.0,-0.5613632320695808,-0.4601623283443675,1
1,0,0,0.0,1.0,0.0,0.0,0.0,0.0,1.0,0.0,1.0,0.0,1.0,0.0,-0.7815904316325576,-0.43700743807979686,1
0,0,0,1.0,0.0,0.0,0.0,0.0,0.0,1.0,0.0,1.0,0.0,0.0,1.0,-0.6714768318510692,-0.5024451714361923,1
0,0,0,0.0,1.0,0.0,0.0,0.0,0.0,1.0,0.0,1.0,0.0,1.0,0.0,-0.8549994981535498,-0.3866707201133388,1
0,3,1,0.0,0.0,1.0,0.0,0.0,0.0,1.0,1.0,0.0,0.0,0.0,1.0,-1.6386387475803947,-0.13565761536436197,3
1,1,0,0.0,0.0,0.0,1.0,0.0,0.0,1.0,1.0,0.0,1.0,0.0,0.0,0.3929546327033186,1.0323213593611125,2
0,0,0,1.0,0.0,0.0,0.0,0.0,0.0,1.0,0.0,1.0,0.0,0.0,1.0,-0.04749976642263496,-0.4918744606632361,1
0,0,0,0.0,1.0,0.0,0.0,0.0,0.0,1.0,0.0,1.0,0.0,1.0,0.0,2.1547722292071327,-0.3766033765200472,1
1,4,2,0.0,0.0,0.0,1.0,0.0,0.0,1.0,1.0,0.0,0.0,0.0,1.0,-1.8093173629264492,-0.016444159470040135,3
0,0,0,0.0,1.0,0.0,0.0,0.0,0.0,1.0,0.0,1.0,0.0,1.0,0.0,-0.4145450990275963,-0.43700743807979686,1
0,0,0,1.0,0.0,0.0,0.0,0.0,0.0,1.0,1.0,0.0,0.0,0.0,1.0,0.10727477333752916,-0.49640476528021726,3
0,1,0,0.0,0.0,1.0,0.0,0.0,0.0,1.0,0.0,1.0,0.0,1.0,0.0,1.053636231392249,-0.12491978668775715,1
1,0,2,0.0,0.0,1.0,0.0,0.0,0.0,1.0,1.0,0.0,0.0,1.0,0.0,-1.5890901633634724,-0.11988611489111134,3
0,0,0,0.0,1.0,0.0,0.0,0.0,0.0,1.0,0.0,1.0,0.0,1.0,0.0,-0.7815904316325576,-0.43700743807979686,1
0,0,0,0.0,1.0,0.0,0.0,0.0,0.0,1.0,0.0,1.0,0.0,1.0,0.0,0.24613649966133408,-0.4012683683236117,1
0,1,0,0.0,1.0,0.0,0.0,1.0,0.0,0.0,1.0,0.0,0.0,0.0,1.0,-0.6494427973119163,-0.3573908580066095,3
1,1,0,0.0,0.0,1.0,0.0,0.0,1.0,0.0,1.0,0.0,0.0,0.0,1.0,0.25555625468156506,-0.3363340021468808,3
0,0,0,0.0,1.0,0.0,0.0,0.0,0.0,1.0,0.0,1.0,0.0,1.0,0.0,-0.04749976642263496,-0.43700743807979686,1
0,0,0,1.0,0.0,0.0,0.0,0.0,0.0,1.0,0.0,1.0,0.0,0.0,1.0,-0.5613632320695808,-0.5049620073345151,1
0,0,0,1.0,0.0,0.0,0.0,1.0,0.0,0.0,0.0,1.0,0.0,0.0,1.0,0.0259093000983573,-0.5029485386158568,1
0,2,0,0.0,0.0,0.0,1.0,0.0,1.0,0.0,0.0,1.0,1.0,0.0,0.0,1.053636231392249,1.163700193253568,7
0,0,0,1.0,0.0,0.0,0.0,0.0,0.0,1.0,1.0,0.0,0.0,0.0,1.0,-0.341136032506604,-0.4918744606632361,3
1,0,2,0.0,0.0,1.0,0.0,0.0,0.0,1.0,1.0,0.0,0.0,1.0,0.0,-0.4145450990275963,-0.35646868933346404,2
1,1,1,0.0,0.0,0.0,1.0,0.0,0.0,1.0,0.0,1.0,1.0,0.0,0.0,0.5397727657453031,0.40974072380221066,1
0,1,0,0.0,0.0,1.0,0.0,0.0,0.0,1.0,0.0,1.0,0.0,1.0,0.0,1.7877268966021715,-0.12491978668775715,6
0,0,0,1.0,0.0,0.0,0.0,0.0,0.0,1.0,0.0,1.0,0.0,0.0,1.0,0.009964566742231491,-0.5024451714361923,1
0,1,1,0.0,1.0,0.0,0.0,0.0,0.0,1.0,1.0,0.0,0.0,0.0,1.0,-0.04749976642263496,-0.43776248884929375,2
0,0,0,0.0,0.0,1.0,0.0,0.0,0.0,1.0,0.0,1.0,1.0,0.0,0.0,2.37499942877011,-0.11384570873513637,1
0,1,0,0.0,0.0,1.0,0.0,0.0,0.0,1.0,0.0,1.0,0.0,0.0,1.0,0.0259093000983573,-0.32425318983493084,1
0,0,2,0.0,0.0,1.0,0.0,0.0,0.0,1.0,1.0,0.0,0.0,0.0,1.0,0.8334090318292722,-0.2414492887801075,2
1,0,2,0.0,0.0,1.0,0.0,1.0,0.0,0.0,1.0,0.0,0.0,0.0,1.0,-0.04749976642263496,-0.3414522396297103,2
1,0,0,0.0,0.0,0.0,1.0,1.0,0.0,0.0,1.0,0.0,1.0,0.0,0.0,0.3650801614443496,0.9462455716384695,2
1,0,0,0.0,0.0,0.0,1.0,0.0,0.0,1.0,1.0,0.0,1.0,0.0,0.0,0.0259093000983573,1.093228788100527,3
1,0,0,0.0,0.0,0.0,1.0,1.0,0.0,0.0,1.0,0.0,1.0,0.0,0.0,0.3929546327033186,9.667166525013505,3
1,0,1,0.0,0.0,1.0,0.0,0.0,0.0,1.0,1.0,0.0,0.0,1.0,0.0,1.4940906305182025,-0.12491978668775715,2
0,0,0,1.0,0.0,0.0,0.0,0.0,1.0,0.0,0.0,1.0,0.0,0.0,1.0,0.4146708183488622,-0.49237782784290063,1
1,4,2,0.0,0.0,0.0,1.0,0.0,0.0,1.0,0.0,1.0,0.0,0.0,1.0,-1.9561354959684336,-0.016444159470040135,4
0,1,1,0.0,0.0,0.0,1.0,0.0,0.0,1.0,0.0,1.0,1.0,0.0,0.0,1.6409087635601871,0.955306180872432,1
0,0,0,1.0,0.0,0.0,0.0,0.0,0.0,1.0,0.0,1.0,1.0,0.0,0.0,0.7599999653082798,-0.6484216535389205,1
0,0,0,1.0,0.0,0.0,0.0,0.0,1.0,0.0,1.0,0.0,0.0,0.0,1.0,0.4146708183488622,-0.49237782784290063,3
0,0,0,0.0,1.0,0.0,0.0,0.0,0.0,1.0,0.0,1.0,0.0,1.0,0.0,0.46636369922431087,-0.43700743807979686,1
0,4,1,0.0,0.0,0.0,1.0,0.0,0.0,1.0,0.0,1.0,0.0,0.0,1.0,-1.0018176311955342,0.1506737441786005,1
1,1,0,1.0,0.0,0.0,0.0,0.0,0.0,1.0,0.0,1.0,0.0,0.0,1.0,-0.341136032506604,-0.4918744606632361,1
1,0,1,0.0,0.0,0.0,1.0,0.0,0.0,1.0,1.0,0.0,1.0,0.0,0.0,2.0813631626861406,2.441497778832105,2
1,0,0,0.0,0.0,0.0,1.0,0.0,0.0,1.0,1.0,0.0,1.0,0.0,0.0,0.3929546327033186,2.0825124140450755,3
0,0,0,0.0,0.0,1.0,0.0,0.0,0.0,1.0,0.0,1.0,1.0,0.0,0.0,0.5305891604359051,-0.024246350754841113,1
1,0,0,1.0,0.0,0.0,0.0,0.0,0.0,1.0,0.0,1.0,0.0,0.0,1.0,-0.341136032506604,-0.6484216535389205,1
1,0,1,0.0,0.0,1.0,0.0,0.0,0.0,1.0,1.0,0.0,0.0,1.0,0.0,0.8334090318292722,-0.255795253400548,2
0,0,1,0.0,0.0,1.0,0.0,1.0,0.0,0.0,0.0,1.0,1.0,0.0,0.0,0.5397727657453031,-0.05042144409739929,1
1,0,0,1.0,0.0,0.0,0.0,0.0,1.0,0.0,1.0,0.0,0.0,0.0,1.0,0.4146708183488622,-0.49237782784290063,3
1,1,0,0.0,0.0,0.0,1.0,0.0,0.0,1.0,1.0,0.0,1.0,0.0,0.0,2.448408495291102,0.921244330558889,3
0,0,0,1.0,0.0,0.0,0.0,0.0,0.0,1.0,1.0,0.0,0.0,0.0,1.0,1.1270452979132413,-0.49237782784290063,3
0,0,0,1.0,0.0,0.0,0.0,0.0,0.0,1.0,0.0,1.0,0.0,1.0,0.0,0.3967585120408176,-0.6484216535389205,1
0,4,1,0.0,0.0,1.0,0.0,0.0,1.0,0.0,0.0,1.0,0.0,0.0,1.0,-1.6624992298844647,-0.06199888922968463,4
1,1,1,0.0,0.0,1.0,0.0,0.0,0.0,1.0,1.0,0.0,0.0,0.0,1.0,0.3929546327033186,-0.24069423801061057,2
0,0,0,1.0,0.0,0.0,0.0,0.0,1.0,0.0,0.0,1.0,0.0,0.0,1.0,2.5952266283330867,-0.49237782784290063,1
0,0,0,1.0,0.0,0.0,0.0,0.0,0.0,1.0,0.0,1.0,0.0,0.0,1.0,-0.12090883294362723,-0.4902797934380587,1
0,0,0,0.0,1.0,0.0,0.0,0.0,0.0,1.0,0.0,1.0,0.0,0.0,1.0,-1.0018176311955342,-0.45714212526638004,1
1,0,0,0.0,1.0,0.0,0.0,0.0,0.0,1.0,0.0,1.0,0.0,0.0,1.0,-0.7815904316325576,-0.4863374216869257,1
0,0,0,0.0,0.0,1.0,0.0,0.0,0.0,1.0,0.0,1.0,1.0,0.0,0.0,2.0624597600106362,-0.12491978668775715,1
0,0,0,0.0,1.0,0.0,0.0,1.0,0.0,0.0,0.0,1.0,0.0,0.0,1.0,0.24613649966133408,-0.47400492578514347,1
1,0,0,0.0,1.0,0.0,0.0,0.0,0.0,1.0,0.0,1.0,0.0,0.0,1.0,0.0259093000983573,-0.45714212526638004,1
0,0,0,1.0,0.0,0.0,0.0,0.0,0.0,1.0,0.0,1.0,0.0,0.0,1.0,-0.5613632320695808,-0.4894421904510968,1
1,0,0,0.0,1.0,0.0,0.0,0.0,0.0,1.0,0.0,1.0,0.0,1.0,0.0,0.9068180983502644,-0.3866707201133388,1
1,0,0,1.0,0.0,0.0,0.0,0.0,1.0,0.0,1.0,0.0,0.0,0.0,1.0,-0.5613632320695808,-0.49237782784290063,3
1,0,0,0.0,0.0,0.0,1.0,0.0,0.0,1.0,1.0,0.0,1.0,0.0,0.0,-0.26772696598561174,0.9391984311231651,3
1,1,0,0.0,0.0,0.0,1.0,1.0,0.0,0.0,1.0,0.0,1.0,0.0,0.0,-0.7815904316325576,1.1854295476653287,2
0,0,0,0.0,1.0,0.0,0.0,1.0,0.0,0.0,0.0,1.0,0.0,1.0,0.0,0.46636369922431087,-0.3891875560116617,1
0,0,0,0.0,1.0,0.0,0.0,0.0,0.0,1.0,1.0,0.0,0.0,0.0,1.0,-0.4145450990275963,-0.4702296719376591,3
0,0,0,1.0,0.0,0.0,0.0,0.0,0.0,1.0,0.0,1.0,0.0,0.0,1.0,-0.4145450990275963,-0.4894421904510968,1
0,0,0,0.0,0.0,1.0,0.0,1.0,0.0,0.0,0.0,1.0,1.0,0.0,0.0,0.8480973401943294,-0.09027201697708476,1
0,0,0,1.0,0.0,0.0,0.0,1.0,0.0,0.0,0.0,1.0,0.0,0.0,1.0,-0.4512496322880924,-0.5028639729296732,1
0,1,2,0.0,0.0,0.0,1.0,0.0,0.0,1.0,1.0,0.0,1.0,0.0,0.0,-2.029544562489426,2.4029901895877646,3
1,0,0,0.0,0.0,1.0,0.0,0.0,0.0,1.0,0.0,1.0,1.0,0.0,0.0,0.8756102291637308,-0.034313694348132716,1
1,0,1,0.0,0.0,0.0,1.0,1.0,0.0,0.0,1.0,0.0,1.0,0.0,0.0,1.4940906305182025,4.335332226633905,2
1,0,0,1.0,0.0,0.0,0.0,0.0,1.0,0.0,1.0,0.0,0.0,0.0,1.0,0.4146708183488622,-0.49237782784290063,3
1,2,0,0.0,0.0,1.0,0.0,0.0,1.0,0.0,0.0,1.0,0.0,0.0,1.0,-0.46500496199857405,-0.18029017645086096,1
0,0,0,1.0,0.0,0.0,0.0,0.0,0.0,1.0,0.0,1.0,0.0,0.0,1.0,-0.7815904316325576,-0.6484216535389205,1
1,0,0,0.0,1.0,0.0,0.0,0.0,1.0,0.0,1.0,0.0,0.0,1.0,0.0,0.9489927475610672,-0.3997582667846179,3
0,0,0,0.0,1.0,0.0,0.0,0.0,0.0,1.0,0.0,1.0,0.0,0.0,1.0,0.07771604418347255,-0.4863374216869257,1
1,1,2,0.0,0.0,0.0,1.0,0.0,0.0,1.0,0.0,1.0,1.0,0.0,0.0,-2.1088263543320975,2.4029901895877646,4
1,0,0,0.0,0.0,0.0,1.0,1.0,0.0,0.0,1.0,0.0,1.0,0.0,0.0,-0.07804645879058898,1.5841789061771412,3
1,1,0,0.0,0.0,0.0,1.0,1.0,0.0,0.0,1.0,0.0,1.0,0.0,0.0,-0.928408564674542,1.5442457810799908,2
0,1,0,0.0,0.0,1.0,0.0,1.0,0.0,0.0,0.0,1.0,0.0,1.0,0.0,0.0259093000983573,-0.16518916106092355,1
1,0,0,0.0,0.0,0.0,1.0,1.0,0.0,0.0,1.0,0.0,1.0,0.0,0.0,0.0259093000983573,0.49782998024351216,3
1,0,0,0.0,0.0,0.0,1.0,1.0,0.0,0.0,1.0,0.0,1.0,0.0,0.0,-0.4145450990275963,1.0259447039291216,3
1,2,2,0.0,0.0,0.0,1.0,1.0,0.0,0.0,1.0,0.0,1.0,0.0,0.0,-0.8549994981535498,4.634416897040849,3
0,1,1,0.0,0.0,1.0,0.0,0.0,0.0,1.0,1.0,0.0,0.0,1.0,0.0,-0.26772696598561174,-0.12491978668775715,2
0,0,0,1.0,0.0,0.0,0.0,0.0,0.0,1.0,0.0,1.0,0.0,0.0,1.0,-0.12090883294362723,-0.4894421904510968,1
0,1,1,0.0,0.0,1.0,0.0,0.0,0.0,1.0,0.0,1.0,0.0,1.0,0.0,0.9802271648712567,-0.11988611489111134,1
1,0,0,1.0,0.0,0.0,0.0,0.0,0.0,1.0,1.0,0.0,0.0,0.0,1.0,-0.26772696598561174,-0.4902797934380587,3
1,1,0,0.0,0.0,1.0,0.0,0.0,0.0,1.0,1.0,0.0,0.0,1.0,0.0,-0.4145450990275963,-0.12491978668775715,2
0,0,0,0.0,1.0,0.0,0.0,0.0,0.0,1.0,0.0,1.0,0.0,1.0,0.0,1.7877268966021715,-0.36653603292675563,7
1,0,2,0.0,0.0,0.0,1.0,0.0,0.0,1.0,1.0,0.0,1.0,0.0,0.0,0.09931836661934956,2.671117778445337,3
1,1,1,0.0,0.0,0.0,1.0,1.0,0.0,0.0,1.0,0.0,1.0,0.0,0.0,0.7599999653082798,2.059693773056521,2
0,0,0,1.0,0.0,0.0,0.0,0.0,0.0,1.0,0.0,1.0,0.0,0.0,1.0,-0.5613632320695808,-0.5024451714361923,1
0,0,0,1.0,0.0,0.0,0.0,0.0,0.0,1.0,0.0,1.0,0.0,0.0,1.0,-0.19431789946461947,-0.4894421904510968,1
1,0,0,0.0,1.0,0.0,0.0,0.0,1.0,0.0,1.0,0.0,0.0,1.0,0.0,0.0259093000983573,-0.3997582667846179,3
1,1,1,0.0,0.0,1.0,0.0,0.0,0.0,1.0,1.0,0.0,0.0,1.0,0.0,-0.5613632320695808,-0.06451572512800753,2
0,8,2,0.0,0.0,0.0,1.0,0.0,0.0,1.0,0.0,1.0,0.0,0.0,1.0,-1.378415909036027,0.7519458402879414,1
1,0,0,0.0,0.0,0.0,1.0,1.0,0.0,0.0,1.0,0.0,1.0,0.0,0.0,0.46636369922431087,2.0825124140450755,3
0,0,0,1.0,0.0,0.0,0.0,0.0,0.0,1.0,0.0,1.0,0.0,0.0,1.0,2.3015903622491174,-0.5228315422126077,1
1,0,0,0.0,1.0,0.0,0.0,0.0,0.0,1.0,1.0,0.0,0.0,1.0,0.0,0.46636369922431087,-0.3866707201133388,2
1,1,1,0.0,0.0,1.0,0.0,0.0,0.0,1.0,1.0,0.0,0.0,0.0,1.0,0.09931836661934956,-0.2351571990343002,2
1,0,1,0.0,0.0,0.0,1.0,1.0,0.0,0.0,1.0,0.0,1.0,0.0,0.0,-1.0018176311955342,0.5189714017894245,3
1,2,0,0.0,0.0,1.0,0.0,0.0,1.0,0.0,1.0,0.0,0.0,0.0,1.0,-0.46500496199857405,-0.18029017645086096,3
0,0,0,0.0,0.0,1.0,0.0,0.0,0.0,1.0,0.0,1.0,1.0,0.0,0.0,1.1637498311737373,-0.07458306872129913,1
0,0,1,0.0,0.0,0.0,1.0,0.0,0.0,1.0,0.0,1.0,1.0,0.0,0.0,0.6131818322662954,2.441497778832105,1
0,2,0,0.0,0.0,1.0,0.0,0.0,0.0,1.0,0.0,1.0,0.0,0.0,1.0,-1.0018176311955342,-0.2859972841804228,1
1,1,0,0.0,0.0,0.0,1.0,0.0,0.0,1.0,1.0,0.0,1.0,0.0,0.0,0.12872197203842123,2.042579288947925,2
0,0,0,1.0,0.0,0.0,0.0,0.0,0.0,1.0,0.0,1.0,0.0,0.0,1.0,-0.12478437924093588,-0.4894421904510968,1
0,1,0,0.0,0.0,0.0,1.0,0.0,0.0,1.0,0.0,1.0,1.0,0.0,0.0,-0.04749976642263496,0.6925485130875209,1
1,0,0,0.0,0.0,0.0,1.0,1.0,0.0,0.0,1.0,0.0,1.0,0.0,0.0,0.8334090318292722,2.059693773056521,3
1,0,0,0.0,1.0,0.0,0.0,0.0,0.0,1.0,0.0,1.0,0.0,0.0,1.0,1.1270452979132413,-0.4863374216869257,1
0,0,0,0.0,0.0,0.0,1.0,0.0,0.0,1.0,0.0,1.0,1.0,0.0,0.0,1.1270452979132413,0.06635974158478332,1
1,1,1,0.0,0.0,1.0,0.0,0.0,0.0,1.0,0.0,1.0,0.0,1.0,0.0,-2.029544562489426,-0.12491978668775715,4
1,3,2,0.0,0.0,0.0,1.0,0.0,0.0,1.0,1.0,0.0,1.0,0.0,0.0,-0.4145450990275963,4.647001076532463,3
0,0,0,0.0,1.0,0.0,0.0,0.0,0.0,1.0,0.0,1.0,0.0,1.0,0.0,-0.12090883294362723,-0.3866707201133388,1
0,0,0,0.0,1.0,0.0,0.0,0.0,0.0,1.0,0.0,1.0,0.0,1.0,0.0,-0.341136032506604,-0.3866707201133388,1
0,0,0,0.0,1.0,0.0,0.0,0.0,0.0,1.0,0.0,1.0,0.0,1.0,0.0,0.46636369922431087,-0.3866707201133388,1
1,0,0,0.0,1.0,0.0,0.0,0.0,0.0,1.0,1.0,0.0,0.0,1.0,0.0,-0.4145450990275963,-0.3866707201133388,3
1,0,0,0.0,1.0,0.0,0.0,0.0,0.0,1.0,1.0,0.0,0.0,1.0,0.0,0.7599999653082798,-0.3866707201133388,3
1,1,0,0.0,0.0,1.0,0.0,0.0,0.0,1.0,1.0,0.0,0.0,0.0,1.0,-0.21713575057237397,-0.32425318983493084,2
1,1,1,0.0,0.0,1.0,0.0,0.0,0.0,1.0,0.0,1.0,0.0,0.0,1.0,-1.9561354959684336,-0.32828012727224753,4
0,0,0,0.0,1.0,0.0,0.0,0.0,0.0,1.0,0.0,1.0,0.0,0.0,1.0,0.9068180983502644,-0.47400492578514347,1
0,0,0,0.0,1.0,0.0,0.0,0.0,0.0,1.0,0.0,1.0,0.0,0.0,1.0,-0.4879541655485885,-0.4626791642426904,1
0,0,0,0.0,0.0,0.0,1.0,0.0,0.0,1.0,0.0,1.0,1.0,0.0,0.0,2.225917689292192,0.05629239799149171,1
0,1,1,1.0,0.0,0.0,0.0,1.0,0.0,0.0,0.0,1.0,0.0,0.0,1.0,-1.0752266977165266,-0.5028639729296732,1
0,1,0,0.0,0.0,1.0,0.0,0.0,0.0,1.0,0.0,1.0,0.0,0.0,1.0,-0.341136032506604,-0.29002422161773944,1
0,0,0,1.0,0.0,0.0,0.0,1.0,0.0,0.0,0.0,1.0,0.0,0.0,1.0,-0.00945881067615335,-0.5029485386158568,1
0,0,0,0.0,1.0,0.0,0.0,0.0,0.0,1.0,0.0,1.0,0.0,0.0,1.0,-0.12090883294362723,-0.45714212526638004,1
1,0,1,0.0,0.0,0.0,1.0,0.0,0.0,1.0,1.0,0.0,1.0,0.0,0.0,-0.5613632320695808,0.4589861417231558,3
0,0,0,0.0,1.0,0.0,0.0,0.0,0.0,1.0,1.0,0.0,0.0,1.0,0.0,0.6131818322662954,-0.3866707201133388,3
1,0,0,1.0,0.0,0.0,0.0,0.0,1.0,0.0,1.0,0.0,0.0,0.0,1.0,-0.5334594740350361,-0.48977642625839407,3
1,0,0,1.0,0.0,0.0,0.0,0.0,1.0,0.0,1.0,0.0,0.0,0.0,1.0,-0.5334594740350361,-0.48977642625839407,3
0,1,4,0.0,0.0,1.0,0.0,0.0,0.0,1.0,0.0,1.0,0.0,0.0,1.0,0.7599999653082798,-0.08666388103324908,1
0,1,0,0.0,0.0,1.0,0.0,1.0,0.0,0.0,0.0,1.0,0.0,1.0,0.0,-0.04749976642263496,-0.09027201697708476,1
0,0,1,0.0,1.0,0.0,0.0,1.0,0.0,0.0,1.0,0.0,0.0,0.0,1.0,1.1270452979132413,-0.3573908580066095,2
0,0,0,1.0,0.0,0.0,0.0,0.0,0.0,1.0,0.0,1.0,0.0,0.0,1.0,0.3929546327033186,-0.5064721088735089,1
0,1,0,0.0,0.0,1.0,0.0,0.0,1.0,0.0,0.0,1.0,0.0,0.0,1.0,0.25555625468156506,-0.3363340021468808,1
0,0,0,1.0,0.0,0.0,0.0,0.0,0.0,1.0,0.0,1.0,0.0,0.0,1.0,0.0259093000983573,-0.5024451714361923,1
1,1,0,0.0,0.0,0.0,1.0,1.0,0.0,0.0,1.0,0.0,1.0,0.0,0.0,2.2281812957281253,0.8667135572514657,2
1,0,0,1.0,0.0,0.0,0.0,1.0,0.0,0.0,1.0,0.0,0.0,0.0,1.0,-0.4970343633524355,-0.5028639729296732,2
1,0,0,1.0,0.0,0.0,0.0,0.0,1.0,0.0,1.0,0.0,0.0,0.0,1.0,0.4146708183488622,-0.49237782784290063,3
1,0,0,0.0,0.0,0.0,1.0,1.0,0.0,0.0,1.0,0.0,1.0,0.0,0.0,-0.4145450990275963,0.7469121684912956,2
1,1,0,0.0,0.0,0.0,1.0,1.0,0.0,0.0,0.0,1.0,1.0,0.0,0.0,-0.341136032506604,0.4678796330534696,1
0,1,0,1.0,0.0,0.0,0.0,0.0,0.0,1.0,0.0,1.0,0.0,0.0,1.0,-0.8549994981535498,-0.5176307525123133,1
0,0,0,0.0,1.0,0.0,0.0,0.0,0.0,1.0,0.0,1.0,0.0,0.0,1.0,-0.7815904316325576,-0.4863374216869257,1
0,0,0,0.0,0.0,0.0,1.0,1.0,0.0,0.0,0.0,1.0,1.0,0.0,0.0,-0.5613632320695808,2.0825124140450755,1
0,3,1,0.0,0.0,1.0,0.0,0.0,0.0,1.0,1.0,0.0,0.0,0.0,1.0,-1.9561354959684336,-0.22408312108167944,3
1,1,0,0.0,0.0,0.0,1.0,1.0,0.0,0.0,1.0,0.0,1.0,0.0,0.0,0.1684178402809567,1.0060617003323709,2
1,0,0,1.0,0.0,0.0,0.0,0.0,0.0,1.0,1.0,0.0,0.0,0.0,1.0,-0.5613632320695808,-0.5024451714361923,3
0,0,2,0.0,0.0,0.0,1.0,1.0,0.0,0.0,0.0,1.0,1.0,0.0,0.0,-0.19431789946461947,3.610064686423428,1
0,0,0,1.0,0.0,0.0,0.0,1.0,0.0,0.0,0.0,1.0,0.0,0.0,1.0,-0.7081813651115653,-0.5676312212027554,1
0,0,0,1.0,0.0,0.0,0.0,0.0,0.0,1.0,0.0,1.0,0.0,0.0,1.0,-0.7815904316325576,-0.4918744606632361,1
1,0,0,0.0,0.0,0.0,1.0,1.0,0.0,0.0,1.0,0.0,1.0,0.0,0.0,0.9068180983502644,3.9327230485884233,3
1,0,2,0.0,0.0,1.0,0.0,1.0,0.0,0.0,1.0,0.0,0.0,0.0,1.0,-2.1029536290104183,-0.33146744825388363,3
0,0,0,0.0,1.0,0.0,0.0,0.0,0.0,1.0,0.0,1.0,0.0,0.0,1.0,0.1727274331403418,-0.4888542575852486,1
1,1,0,0.0,0.0,0.0,1.0,0.0,0.0,1.0,1.0,0.0,1.0,0.0,0.0,0.3929546327033186,0.39858208016340624,2
0,0,0,1.0,0.0,0.0,0.0,0.0,0.0,1.0,0.0,1.0,0.0,0.0,1.0,-0.12478437924093588,-0.4894421904510968,1
0,0,0,0.0,0.0,0.0,1.0,0.0,0.0,1.0,0.0,1.0,0.0,1.0,0.0,-0.8549994981535498,0.8314778546749452,1
0,5,2,0.0,0.0,0.0,1.0,0.0,0.0,1.0,0.0,1.0,0.0,0.0,1.0,-2.1029536290104183,0.2958951755118318,4
1,0,0,0.0,1.0,0.0,0.0,0.0,0.0,1.0,1.0,0.0,0.0,1.0,0.0,0.46636369922431087,-0.3866707201133388,3
0,0,0,1.0,0.0,0.0,0.0,0.0,1.0,0.0,0.0,1.0,0.0,0.0,1.0,-0.7158466571268016,-0.49279662933638163,1
1,0,0,0.0,1.0,0.0,0.0,1.0,0.0,0.0,1.0,0.0,0.0,1.0,0.0,-0.928408564674542,-0.40680540729992204,3
1,1,2,0.0,0.0,0.0,1.0,0.0,0.0,1.0,0.0,1.0,1.0,0.0,0.0,0.46636369922431087,1.7677408088510642,1
1,0,0,1.0,0.0,0.0,0.0,0.0,0.0,1.0,0.0,1.0,0.0,0.0,1.0,-0.634772298590573,-0.49145565916975514,1
0,2,0,0.0,1.0,0.0,0.0,0.0,0.0,1.0,0.0,1.0,0.0,0.0,1.0,-0.12090883294362723,-0.4888542575852486,1
1,1,0,0.0,0.0,0.0,1.0,1.0,0.0,0.0,1.0,0.0,1.0,0.0,0.0,-0.4879541655485885,1.6323350375212924,3
1,0,2,0.0,0.0,1.0,0.0,0.0,0.0,1.0,1.0,0.0,0.0,0.0,1.0,-0.4145450990275963,-0.312172377522981,2
0,0,0,1.0,0.0,0.0,0.0,0.0,0.0,1.0,0.0,1.0,0.0,0.0,1.0,-0.5613632320695808,-0.49145565916975514,1
0,0,0,1.0,0.0,0.0,0.0,0.0,0.0,1.0,1.0,0.0,0.0,0.0,1.0,0.09931836661934956,-0.4902797934380587,3
0,0,0,0.0,0.0,1.0,0.0,0.0,0.0,1.0,0.0,1.0,0.0,1.0,0.0,1.2004543644342334,-0.12491978668775715,1
0,0,0,0.0,1.0,0.0,0.0,0.0,0.0,1.0,0.0,1.0,0.0,1.0,0.0,-0.4879541655485885,-0.43700743807979686,7
1,0,0,0.0,1.0,0.0,0.0,0.0,0.0,1.0,1.0,0.0,0.0,1.0,0.0,-0.12090883294362723,-0.393717860628643,2
1,0,0,0.0,1.0,0.0,0.0,0.0,0.0,1.0,0.0,1.0,0.0,0.0,1.0,0.6865908987872876,-0.4888542575852486,1
0,0,0,0.0,1.0,0.0,0.0,0.0,0.0,1.0,0.0,1.0,0.0,0.0,1.0,-0.26772696598561174,-0.4863374216869257,1
0,1,0,0.0,1.0,0.0,0.0,0.0,0.0,1.0,1.0,0.0,0.0,0.0,1.0,-0.634772298590573,-0.4505983519307405,3
0,1,0,0.0,0.0,1.0,0.0,0.0,0.0,1.0,0.0,1.0,0.0,0.0,1.0,-0.12090883294362723,-0.32928686163157667,1
0,0,0,0.0,1.0,0.0,0.0,0.0,0.0,1.0,1.0,0.0,0.0,0.0,1.0,-0.7081813651115653,-0.47400492578514347,3
0,1,0,0.0,0.0,1.0,0.0,0.0,0.0,1.0,0.0,1.0,0.0,1.0,0.0,0.3195455661823263,-0.22559322262067316,1
0,0,0,1.0,0.0,0.0,0.0,0.0,0.0,1.0,0.0,1.0,0.0,0.0,1.0,1.5674996970391948,-0.49237782784290063,1
1,1,1,0.0,0.0,1.0,0.0,0.0,0.0,1.0,0.0,1.0,0.0,1.0,0.0,-1.9561354959684336,-0.2708962687904854,4
0,0,0,1.0,0.0,0.0,0.0,0.0,0.0,1.0,0.0,1.0,0.0,0.0,1.0,-0.634772298590573,-0.4918744606632361,1
0,3,1,0.0,0.0,1.0,0.0,0.0,0.0,1.0,1.0,0.0,0.0,0.0,1.0,-1.6386387475803947,-0.13565761536436197,3
0,0,0,1.0,0.0,0.0,0.0,0.0,0.0,1.0,0.0,1.0,0.0,0.0,1.0,-0.12478437924093588,-0.4894421904510968,1
0,0,0,1.0,0.0,0.0,0.0,0.0,1.0,0.0,0.0,1.0,0.0,0.0,1.0,-0.6581666756939897,-0.5103319284071769,1
1,1,0,0.0,0.0,0.0,1.0,0.0,1.0,0.0,1.0,0.0,1.0,0.0,0.0,0.24613649966133408,1.163700193253568,3
0,0,0,1.0,0.0,0.0,0.0,0.0,0.0,1.0,0.0,1.0,0.0,1.0,0.0,0.3967585120408176,-0.6484216535389205,1
1,0,0,0.0,1.0,0.0,0.0,0.0,0.0,1.0,0.0,1.0,0.0,0.0,1.0,1.053636231392249,-0.4888542575852486,1
0,0,0,0.0,1.0,0.0,0.0,0.0,0.0,1.0,1.0,0.0,0.0,0.0,1.0,0.07771604418347255,-0.4863374216869257,2
1,1,1,0.0,0.0,0.0,1.0,0.0,0.0,1.0,1.0,0.0,0.0,1.0,0.0,0.3195455661823263,0.005955680025033696,2
1,0,2,0.0,1.0,0.0,0.0,0.0,0.0,1.0,1.0,0.0,0.0,1.0,0.0,-0.8549994981535498,-0.3866707201133388,3
0,0,0,0.0,1.0,0.0,0.0,0.0,0.0,1.0,0.0,1.0,0.0,1.0,0.0,0.0259093000983573,-0.3866707201133388,1
0,0,2,0.0,0.0,1.0,0.0,0.0,0.0,1.0,1.0,0.0,0.0,0.0,1.0,-1.442272030321488,-0.1621689579829361,3
0,0,0,1.0,0.0,0.0,0.0,1.0,0.0,0.0,0.0,1.0,0.0,0.0,1.0,-0.12478437924093588,-0.4894421904510968,1
0,0,0,1.0,0.0,0.0,0.0,0.0,1.0,0.0,0.0,1.0,0.0,0.0,1.0,-0.634772298590573,-0.49271407711891657,1
0,0,0,1.0,0.0,0.0,0.0,0.0,0.0,1.0,0.0,1.0,0.0,0.0,1.0,-0.04749976642263496,-0.4898609919445778,1
0,1,1,0.0,1.0,0.0,0.0,0.0,0.0,1.0,1.0,0.0,0.0,0.0,1.0,-0.12090883294362723,-0.35848215805212236,2
0,1,1,0.0,0.0,1.0,0.0,0.0,0.0,1.0,0.0,1.0,0.0,0.0,1.0,-0.8549994981535498,-0.2414492887801075,1
0,0,0,1.0,0.0,0.0,0.0,0.0,0.0,1.0,0.0,1.0,0.0,0.0,1.0,0.009964566742231491,-0.5024451714361923,1
1,1,0,0.0,0.0,1.0,0.0,0.0,0.0,1.0,1.0,0.0,0.0,1.0,0.0,-0.12090883294362723,-0.12491978668775715,2
1,0,0,0.0,0.0,1.0,0.0,0.0,0.0,1.0,1.0,0.0,0.0,1.0,0.0,-0.7815904316325576,-0.12491978668775715,3
0,0,0,1.0,0.0,0.0,0.0,0.0,1.0,0.0,0.0,1.0,0.0,0.0,1.0,0.4146708183488622,-0.49237782784290063,1
1,0,0,0.0,1.0,0.0,0.0,0.0,0.0,1.0,0.0,1.0,0.0,0.0,1.0,0.1727274331403418,-0.4863374216869257,1
1,0,0,0.0,0.0,1.0,0.0,0.0,0.0,1.0,0.0,1.0,1.0,0.0,0.0,-0.12090883294362723,-0.11384570873513637,1
1,1,0,0.0,0.0,1.0,0.0,0.0,0.0,1.0,1.0,0.0,0.0,0.0,1.0,-0.21713575057237397,-0.32425318983493084,2
1,1,0,0.0,0.0,1.0,0.0,0.0,0.0,1.0,1.0,0.0,0.0,1.0,0.0,0.9068180983502644,-0.12491978668775715,2
0,0,0,1.0,0.0,0.0,0.0,0.0,0.0,1.0,0.0,1.0,0.0,0.0,1.0,-0.928408564674542,-0.5049620073345151,1
0,1,0,0.0,0.0,0.0,1.0,0.0,0.0,1.0,0.0,1.0,1.0,0.0,0.0,1.4940906305182025,0.4771073601910807,1
1,1,2,0.0,0.0,0.0,1.0,0.0,0.0,1.0,1.0,0.0,1.0,0.0,0.0,-1.148635764237519,1.7677408088510642,3
0,2,2,0.0,0.0,0.0,1.0,0.0,0.0,1.0,1.0,0.0,0.0,0.0,1.0,-0.634772298590573,0.04370821849987721,3
1,2,3,0.0,0.0,1.0,0.0,0.0,0.0,1.0,1.0,0.0,0.0,1.0,0.0,-0.4145450990275963,-0.2708962687904854,2
0,1,4,0.0,0.0,0.0,1.0,0.0,0.0,1.0,0.0,1.0,1.0,0.0,0.0,2.5218175618120946,4.647001076532463,1
0,0,0,0.0,1.0,0.0,0.0,0.0,0.0,1.0,0.0,1.0,0.0,1.0,0.0,0.09931836661934956,-0.43700743807979686,1
1,1,1,0.0,0.0,1.0,0.0,0.0,0.0,1.0,1.0,0.0,0.0,1.0,0.0,1.1270452979132413,-0.11988611489111134,2
0,0,0,0.0,1.0,0.0,0.0,0.0,0.0,1.0,0.0,1.0,0.0,0.0,1.0,-0.7081813651115653,-0.45714212526638004,1
0,1,0,1.0,0.0,0.0,0.0,0.0,0.0,1.0,0.0,1.0,0.0,0.0,1.0,-0.341136032506604,-0.4918744606632361,1
1,0,0,0.0,1.0,0.0,0.0,0.0,0.0,1.0,1.0,0.0,0.0,1.0,0.0,-0.12090883294362723,-0.3866707201133388,3
1,0,0,0.0,1.0,0.0,0.0,0.0,0.0,1.0,0.0,1.0,0.0,0.0,1.0,-0.45297970856447745,-0.48507900373776425,1
1,0,2,0.0,0.0,0.0,1.0,0.0,0.0,1.0,0.0,1.0,1.0,0.0,0.0,-1.8827264294474415,0.9997696105865636,4
1,0,1,0.0,0.0,1.0,0.0,0.0,0.0,1.0,1.0,0.0,0.0,1.0,0.0,-1.2220448307585112,-0.255795253400548,3
1,0,0,0.0,0.0,1.0,0.0,0.0,0.0,1.0,0.0,1.0,1.0,0.0,0.0,0.3195455661823263,-0.11384570873513637,1
1,2,1,0.0,0.0,1.0,0.0,1.0,0.0,0.0,1.0,0.0,0.0,0.0,1.0,-1.8093173629264492,-0.26066180729354516,3
1,0,0,0.0,0.0,1.0,0.0,0.0,0.0,1.0,0.0,1.0,1.0,0.0,0.0,1.6409087635601871,-0.034313694348132716,5
0,1,2,0.0,0.0,1.0,0.0,0.0,0.0,1.0,0.0,1.0,0.0,1.0,0.0,0.46636369922431087,-0.08968408411123653,1
0,1,0,0.0,0.0,1.0,0.0,0.0,0.0,1.0,0.0,1.0,0.0,0.0,1.0,-0.4079215475213743,-0.2463983948905696,1
0,0,0,0.0,0.0,1.0,0.0,1.0,0.0,0.0,0.0,1.0,1.0,0.0,0.0,0.0259093000983573,-0.08968408411123653,1
1,1,0,0.0,0.0,0.0,1.0,1.0,0.0,0.0,0.0,1.0,1.0,0.0,0.0,1.4206815639972101,1.145663540471827,1
0,0,0,0.0,1.0,0.0,0.0,0.0,0.0,1.0,0.0,1.0,0.0,0.0,1.0,0.07771604418347255,-0.4863374216869257,1
1,0,0,1.0,0.0,0.0,0.0,1.0,0.0,0.0,0.0,1.0,0.0,0.0,1.0,-0.04749976642263496,-0.4894421904510968,1
0,0,0,0.0,0.0,1.0,0.0,0.0,0.0,1.0,0.0,1.0,1.0,0.0,0.0,2.5952266283330867,-0.11384570873513637,1
1,1,0,0.0,0.0,0.0,1.0,0.0,0.0,1.0,1.0,0.0,1.0,0.0,0.0,1.058042116714395,0.395813560675251,2
1,0,0,0.0,1.0,0.0,0.0,0.0,0.0,1.0,1.0,0.0,0.0,1.0,0.0,1.4940906305182025,-0.43700743807979686,3
0,0,0,1.0,0.0,0.0,0.0,0.0,1.0,0.0,0.0,1.0,0.0,0.0,1.0,0.4146708183488622,-0.49237782784290063,1
1,0,0,0.0,0.0,1.0,0.0,0.0,0.0,1.0,0.0,1.0,1.0,0.0,0.0,1.347272497476218,-0.11384570873513637,1
0,0,0,0.0,1.0,0.0,0.0,0.0,0.0,1.0,0.0,1.0,0.0,0.0,1.0,0.3195455661823263,-0.4863374216869257,1
0,0,0,0.0,0.0,0.0,1.0,0.0,0.0,1.0,0.0,1.0,1.0,0.0,0.0,1.2738634309552257,0.12676380314453292,1
0,0,0,0.0,1.0,0.0,0.0,0.0,0.0,1.0,0.0,1.0,0.0,1.0,0.0,1.347272497476218,-0.3866707201133388,1
0,0,0,0.0,1.0,0.0,0.0,0.0,0.0,1.0,0.0,1.0,0.0,0.0,1.0,0.07771604418347255,-0.4863374216869257,1
0,0,0,1.0,0.0,0.0,0.0,0.0,0.0,1.0,0.0,1.0,0.0,0.0,1.0,0.6131818322662954,-0.5064721088735089,1
0,0,0,1.0,0.0,0.0,0.0,0.0,0.0,1.0,0.0,1.0,0.0,1.0,0.0,0.3967585120408176,-0.6484216535389205,1
0,0,0,0.0,0.0,1.0,0.0,0.0,0.0,1.0,0.0,1.0,1.0,0.0,0.0,1.934545029644156,-0.11384570873513637,1
0,0,0,1.0,0.0,0.0,0.0,0.0,1.0,0.0,0.0,1.0,0.0,0.0,1.0,-0.7158466571268016,-0.4928811950225652,1
1,2,1,0.0,0.0,1.0,0.0,1.0,0.0,0.0,1.0,0.0,0.0,0.0,1.0,-2.1213058956406665,-0.26066180729354516,3
0,0,0,1.0,0.0,0.0,0.0,0.0,0.0,1.0,0.0,1.0,0.0,0.0,1.0,0.009964566742231491,-0.5024451714361923,1
0,0,0,0.0,1.0,0.0,0.0,0.0,0.0,1.0,0.0,1.0,0.0,0.0,1.0,0.6131818322662954,-0.47400492578514347,1
1,1,2,0.0,0.0,1.0,0.0,0.0,0.0,1.0,1.0,0.0,0.0,1.0,0.0,0.24613649966133408,-0.08968408411123653,2
1,0,0,0.0,1.0,0.0,0.0,1.0,0.0,0.0,1.0,0.0,0.0,1.0,0.0,-0.4879541655485885,-0.3707300882677209,2
0,0,0,0.0,1.0,0.0,0.0,0.0,0.0,1.0,1.0,0.0,0.0,0.0,1.0,-0.5613632320695808,-0.45034666834090825,3
0,0,0,0.0,0.0,0.0,1.0,0.0,0.0,1.0,0.0,1.0,1.0,0.0,0.0,1.1020517538176553,0.39858208016340624,1
0,1,0,0.0,0.0,1.0,0.0,0.0,0.0,1.0,0.0,1.0,0.0,1.0,0.0,0.3195455661823263,-0.22559322262067316,1
0,1,0,1.0,0.0,0.0,0.0,0.0,0.0,1.0,0.0,1.0,0.0,0.0,1.0,-0.04749976642263496,-0.5065566745596926,1
0,0,0,1.0,0.0,0.0,0.0,0.0,0.0,1.0,0.0,1.0,0.0,0.0,1.0,-0.5613632320695808,-0.4969926981460655,1
1,0,1,0.0,1.0,0.0,0.0,0.0,0.0,1.0,1.0,0.0,0.0,0.0,1.0,-2.029544562489426,-0.4010166847337793,3
0,5,2,0.0,0.0,0.0,1.0,0.0,0.0,1.0,0.0,1.0,0.0,0.0,1.0,-1.51568109684248,0.2958951755118318,4
0,0,0,1.0,0.0,0.0,0.0,0.0,0.0,1.0,0.0,1.0,0.0,1.0,0.0,0.3967585120408176,-0.6484216535389205,1
0,0,0,0.0,1.0,0.0,0.0,0.0,0.0,1.0,0.0,1.0,0.0,0.0,1.0,1.4940906305182025,-0.4863374216869257,1
1,0,0,0.0,1.0,0.0,0.0,0.0,0.0,1.0,1.0,0.0,0.0,0.0,1.0,2.448408495291102,-0.455380340137554,2
1,1,0,0.0,0.0,0.0,1.0,1.0,0.0,0.0,0.0,1.0,1.0,0.0,0.0,-0.341136032506604,1.1854295476653287,1
0,3,1,0.0,0.0,1.0,0.0,0.0,0.0,1.0,1.0,0.0,0.0,0.0,1.0,-1.6386387475803947,-0.13565761536436197,3
1,1,0,0.0,0.0,0.0,1.0,0.0,0.0,1.0,1.0,0.0,1.0,0.0,0.0,0.3929546327033186,1.163700193253568,2
0,0,0,0.0,0.0,1.0,0.0,1.0,0.0,0.0,0.0,1.0,1.0,0.0,0.0,2.0813631626861406,-0.05042144409739929,1
0,0,0,0.0,1.0,0.0,0.0,0.0,0.0,1.0,0.0,1.0,0.0,0.0,1.0,0.0259093000983573,-0.4863374216869257,1
1,1,1,0.0,0.0,1.0,0.0,0.0,0.0,1.0,0.0,1.0,0.0,0.0,1.0,-1.51568109684248,-0.32828012727224753,4
0,1,0,0.0,0.0,1.0,0.0,0.0,0.0,1.0,0.0,1.0,0.0,0.0,1.0,-0.4079215475213743,-0.2463983948905696,1
0,0,0,1.0,0.0,0.0,0.0,0.0,0.0,1.0,0.0,1.0,0.0,0.0,1.0,-0.634772298590573,-0.5024451714361923,1
0,0,0,0.0,0.0,1.0,0.0,0.0,0.0,1.0,0.0,1.0,1.0,0.0,0.0,1.8611359631231639,-0.034313694348132716,1
0,0,0,0.0,0.0,0.0,1.0,1.0,0.0,0.0,0.0,1.0,1.0,0.0,0.0,3.0356810274590402,0.3483299278831318,1
0,0,0,0.0,1.0,0.0,0.0,0.0,0.0,1.0,0.0,1.0,0.0,0.0,1.0,-0.634772298590573,-0.4863374216869257,1
0,0,0,0.0,0.0,1.0,0.0,1.0,0.0,0.0,0.0,1.0,0.0,0.0,1.0,-0.840204279493808,-0.3573083057891445,1
1,1,0,0.0,0.0,0.0,1.0,1.0,0.0,0.0,1.0,0.0,1.0,0.0,0.0,1.7877268966021715,0.9274538680872313,3
0,0,0,0.0,0.0,1.0,0.0,0.0,0.0,1.0,0.0,1.0,0.0,0.0,1.0,-0.28518178492970403,-0.3443878770215141,1
0,1,2,0.0,0.0,0.0,1.0,0.0,0.0,1.0,1.0,0.0,1.0,0.0,0.0,-0.341136032506604,2.4029901895877646,2
0,0,0,1.0,0.0,0.0,0.0,0.0,0.0,1.0,0.0,1.0,0.0,0.0,1.0,-0.4145450990275963,-0.49145565916975514,1
0,0,0,0.0,1.0,0.0,0.0,0.0,0.0,1.0,0.0,1.0,0.0,0.0,1.0,-0.928408564674542,-0.47400492578514347,1
0,0,0,1.0,0.0,0.0,0.0,0.0,1.0,0.0,1.0,0.0,0.0,0.0,1.0,-0.634772298590573,-0.49237782784290063,3
0,0,0,1.0,0.0,0.0,0.0,0.0,1.0,0.0,1.0,0.0,0.0,0.0,1.0,-0.2074777365223523,-0.4948100980550399,3
0,0,0,0.0,1.0,0.0,0.0,0.0,0.0,1.0,1.0,0.0,0.0,0.0,1.0,0.5397727657453031,-0.455380340137554,3
1,0,0,0.0,0.0,0.0,1.0,0.0,0.0,1.0,1.0,0.0,1.0,0.0,0.0,-1.0018176311955342,1.093228788100527,3
0,1,0,0.0,0.0,0.0,1.0,1.0,0.0,0.0,0.0,1.0,1.0,0.0,0.0,-0.8549994981535498,1.5442457810799908,1
1,0,2,0.0,0.0,1.0,0.0,0.0,0.0,1.0,1.0,0.0,0.0,1.0,0.0,0.24613649966133408,-0.12491978668775715,2
1,0,0,0.0,0.0,1.0,0.0,0.0,0.0,1.0,0.0,1.0,1.0,0.0,0.0,1.4867063612426858,-0.11384570873513637,1
0,0,0,0.0,0.0,1.0,0.0,0.0,0.0,1.0,0.0,1.0,0.0,0.0,1.0,-0.12090883294362723,-0.1948878246611338,1
1,0,0,0.0,0.0,0.0,1.0,0.0,0.0,1.0,0.0,1.0,0.0,0.0,1.0,-0.26772696598561174,0.48910360681684706,1
1,0,0,1.0,0.0,0.0,0.0,0.0,1.0,0.0,0.0,1.0,0.0,0.0,1.0,-0.04749976642263496,-0.49237782784290063,1
0,0,0,0.0,1.0,0.0,0.0,0.0,0.0,1.0,0.0,1.0,0.0,0.0,1.0,0.07771604418347255,-0.4863374216869257,1
1,0,0,0.0,0.0,1.0,0.0,0.0,0.0,1.0,0.0,1.0,1.0,0.0,0.0,0.46636369922431087,-0.11913106412161445,1
1,1,0,0.0,0.0,0.0,1.0,1.0,0.0,0.0,1.0,0.0,1.0,0.0,0.0,1.7877268966021715,0.5475787653441219,2
0,0,0,1.0,0.0,0.0,0.0,0.0,0.0,1.0,0.0,1.0,0.0,0.0,1.0,-0.4145450990275963,-0.4974960653257301,1
0,0,0,0.0,0.0,0.0,1.0,0.0,0.0,1.0,0.0,1.0,1.0,0.0,0.0,1.2738634309552257,0.036576512298389464,1
1,0,0,0.0,1.0,0.0,0.0,0.0,0.0,1.0,1.0,0.0,0.0,1.0,0.0,0.3195455661823263,-0.43700743807979686,2
0,0,0,0.0,0.0,1.0,0.0,0.0,1.0,0.0,0.0,1.0,0.0,0.0,1.0,0.3321657062446901,-0.1621689579829361,1
1,1,0,0.0,0.0,1.0,0.0,0.0,0.0,1.0,1.0,0.0,0.0,1.0,0.0,0.46636369922431087,-0.12491978668775715,2
0,0,0,1.0,0.0,0.0,0.0,0.0,0.0,1.0,0.0,1.0,0.0,0.0,1.0,0.1727274331403418,-0.4894421904510968,1
1,0,0,0.0,0.0,0.0,1.0,0.0,0.0,1.0,1.0,0.0,1.0,0.0,0.0,0.0259093000983573,1.2341715984066093,3
0,0,0,1.0,0.0,0.0,0.0,0.0,0.0,1.0,0.0,1.0,0.0,0.0,1.0,-0.5613632320695808,-0.4894421904510968,1
0,0,0,1.0,0.0,0.0,0.0,1.0,0.0,0.0,0.0,1.0,0.0,0.0,1.0,-0.00945881067615335,-0.5029485386158568,1
1,0,1,0.0,0.0,0.0,1.0,1.0,0.0,0.0,1.0,0.0,1.0,0.0,0.0,1.053636231392249,0.5189714017894245,2
0,0,0,1.0,0.0,0.0,0.0,1.0,0.0,0.0,0.0,1.0,0.0,0.0,1.0,-0.4970343633524355,-0.5028639729296732,1
0,0,0,1.0,0.0,0.0,0.0,0.0,1.0,0.0,0.0,1.0,0.0,0.0,1.0,0.796704498568776,-0.49237782784290063,1
1,0,0,0.0,1.0,0.0,0.0,0.0,0.0,1.0,1.0,0.0,0.0,1.0,0.0,1.4940906305182025,-0.43700743807979686,3
0,0,0,0.0,0.0,0.0,1.0,0.0,0.0,1.0,0.0,1.0,1.0,0.0,0.0,0.6510242060578635,3.817033162951754,1
0,0,0,0.0,1.0,0.0,0.0,0.0,0.0,1.0,0.0,1.0,0.0,0.0,1.0,0.6865908987872876,-0.4888542575852486,1
0,2,1,0.0,1.0,0.0,0.0,0.0,0.0,1.0,0.0,1.0,0.0,1.0,0.0,-0.4879541655485885,-0.41687275089321363,1
1,1,1,0.0,0.0,1.0,0.0,0.0,0.0,1.0,1.0,0.0,0.0,1.0,0.0,-2.029544562489426,-0.12491978668775715,3
0,0,0,1.0,0.0,0.0,0.0,1.0,0.0,0.0,0.0,1.0,0.0,0.0,1.0,-0.4970343633524355,-0.5028639729296732,1
0,1,1,1.0,0.0,0.0,0.0,1.0,0.0,0.0,0.0,1.0,0.0,0.0,1.0,-0.928408564674542,-0.5028639729296732,1
1,0,2,0.0,0.0,1.0,0.0,1.0,0.0,0.0,1.0,0.0,0.0,0.0,1.0,-1.589395815994612,-0.19824427701513722,2
0,0,0,0.0,1.0,0.0,0.0,0.0,0.0,1.0,1.0,0.0,0.0,0.0,1.0,0.0259093000983573,-0.47400492578514347,3
1,0,2,0.0,0.0,1.0,0.0,0.0,0.0,1.0,1.0,0.0,0.0,1.0,0.0,-1.6624992298844647,-0.11988611489111134,3
0,0,0,0.0,0.0,1.0,0.0,0.0,0.0,1.0,0.0,1.0,1.0,0.0,0.0,1.1270452979132413,-0.11384570873513637,5
1,0,0,0.0,0.0,0.0,1.0,1.0,0.0,0.0,1.0,0.0,1.0,0.0,0.0,0.0259093000983573,1.4944124302931971,3
0,0,0,0.0,0.0,1.0,0.0,0.0,0.0,1.0,0.0,1.0,0.0,0.0,1.0,-0.38980866873096914,-0.35646868933346404,1
1,0,2,0.0,0.0,0.0,1.0,1.0,0.0,0.0,1.0,0.0,1.0,0.0,0.0,-0.5613632320695808,0.3482453621969482,3
1,0,2,0.0,0.0,0.0,1.0,0.0,0.0,1.0,1.0,0.0,1.0,0.0,0.0,0.46636369922431087,0.7811411367084872,3
0,4,2,0.0,0.0,0.0,1.0,0.0,0.0,1.0,1.0,0.0,0.0,0.0,1.0,-1.51568109684248,-0.01870931177853076,3
0,4,2,0.0,0.0,0.0,1.0,0.0,0.0,1.0,1.0,0.0,0.0,0.0,1.0,-1.3688629638004957,-0.01870931177853076,3
1,1,0,0.0,0.0,1.0,0.0,0.0,0.0,1.0,0.0,1.0,0.0,1.0,0.0,0.1727274331403418,-0.12491978668775715,1
0,1,0,0.0,0.0,0.0,1.0,1.0,0.0,0.0,0.0,1.0,1.0,0.0,0.0,1.4940906305182025,1.4944124302931971,1
0,0,0,0.0,0.0,1.0,0.0,0.0,0.0,1.0,0.0,1.0,1.0,0.0,0.0,2.5218175618120946,-0.12491978668775715,1
1,1,0,0.0,0.0,1.0,0.0,0.0,0.0,1.0,1.0,0.0,0.0,1.0,0.0,-0.7815904316325576,-0.12491978668775715,2
1,0,0,0.0,1.0,0.0,0.0,1.0,0.0,0.0,0.0,1.0,0.0,1.0,0.0,0.23046544652663564,-0.3693045524149108,1
0,1,1,0.0,0.0,1.0,0.0,0.0,0.0,1.0,0.0,1.0,0.0,0.0,1.0,0.24613649966133408,-0.2351571990343002,1
1,1,1,0.0,0.0,0.0,1.0,0.0,0.0,1.0,0.0,1.0,0.0,1.0,0.0,-1.5890901633634724,0.09152810056801232,4
1,0,2,0.0,0.0,0.0,1.0,1.0,0.0,0.0,0.0,1.0,1.0,0.0,0.0,-0.928408564674542,1.5841789061771412,1
0,0,0,0.0,0.0,1.0,0.0,0.0,0.0,1.0,0.0,1.0,0.0,1.0,0.0,-0.19431789946461947,-0.12491978668775715,1
0,0,0,1.0,0.0,0.0,0.0,0.0,1.0,0.0,0.0,1.0,0.0,0.0,1.0,-0.23972691995680445,-0.49078316061772326,1
1,0,0,1.0,0.0,0.0,0.0,1.0,0.0,0.0,0.0,1.0,0.0,0.0,1.0,-0.5613632320695808,-0.5029485386158568,1
1,0,0,1.0,0.0,0.0,0.0,0.0,0.0,1.0,1.0,0.0,0.0,0.0,1.0,-0.5613632320695808,-0.4918744606632361,3
0,0,0,0.0,0.0,1.0,0.0,0.0,0.0,1.0,0.0,1.0,1.0,0.0,0.0,2.37499942877011,-0.11384570873513637,1
1,1,0,0.0,0.0,0.0,1.0,1.0,0.0,0.0,1.0,0.0,1.0,0.0,0.0,1.347272497476218,0.1489119590497745,8
0,0,0,0.0,0.0,0.0,1.0,1.0,0.0,0.0,0.0,1.0,1.0,0.0,0.0,0.6510242060578635,3.9327230485884233,1
1,1,1,0.0,0.0,0.0,1.0,0.0,0.0,1.0,1.0,0.0,1.0,0.0,0.0,0.6865908987872876,0.955306180872432,2
1,1,0,0.0,0.0,1.0,0.0,0.0,0.0,1.0,1.0,0.0,0.0,0.0,1.0,0.46636369922431087,-0.29807809649237277,2
0,0,0,1.0,0.0,0.0,0.0,0.0,1.0,0.0,0.0,1.0,0.0,0.0,1.0,0.4146708183488622,-0.49237782784290063,1
0,0,0,1.0,0.0,0.0,0.0,0.0,0.0,1.0,0.0,1.0,0.0,0.0,1.0,0.7599999653082798,-0.4894421904510968,1
0,0,0,0.0,1.0,0.0,0.0,0.0,0.0,1.0,0.0,1.0,0.0,1.0,0.0,-0.12090883294362723,-0.3766033765200472,1
0,0,0,0.0,1.0,0.0,0.0,0.0,0.0,1.0,0.0,1.0,0.0,0.0,1.0,0.07771604418347255,-0.4863374216869257,1
0,0,0,0.0,1.0,0.0,0.0,0.0,0.0,1.0,1.0,0.0,0.0,0.0,1.0,0.07771604418347255,-0.4863374216869257,3
0,2,0,0.0,0.0,1.0,0.0,0.0,0.0,1.0,0.0,1.0,0.0,0.0,1.0,-0.4145450990275963,-0.1621689579829361,1
0,0,0,1.0,0.0,0.0,0.0,0.0,0.0,1.0,0.0,1.0,0.0,0.0,1.0,-0.7815904316325576,-0.4894421904510968,1
0,0,4,0.0,0.0,1.0,0.0,0.0,0.0,1.0,1.0,0.0,0.0,0.0,1.0,-0.04749976642263496,-0.22408312108167944,2
0,0,0,1.0,0.0,0.0,0.0,1.0,0.0,0.0,0.0,1.0,0.0,0.0,1.0,-0.4970343633524355,-0.5028639729296732,1
1,0,0,1.0,0.0,0.0,0.0,0.0,0.0,1.0,0.0,1.0,0.0,0.0,1.0,0.1727274331403418,-0.4902797934380587,1
1,0,0,0.0,1.0,0.0,0.0,0.0,0.0,1.0,0.0,1.0,0.0,1.0,0.0,2.37499942877011,-0.43700743807979686,1
1,2,0,0.0,0.0,0.0,1.0,0.0,0.0,1.0,1.0,0.0,1.0,0.0,0.0,1.7143178300811792,0.38809593507663365,2
1,0,0,0.0,0.0,1.0,0.0,0.0,0.0,1.0,0.0,1.0,1.0,0.0,0.0,0.46636369922431087,-0.11711759540295616,1
1,0,0,1.0,0.0,0.0,0.0,0.0,1.0,0.0,1.0,0.0,0.0,0.0,1.0,0.4146708183488622,-0.49237782784290063,3
0,0,0,0.0,1.0,0.0,0.0,0.0,0.0,1.0,0.0,1.0,0.0,0.0,1.0,-1.0018176311955342,-0.4863374216869257,1
0,0,0,0.0,0.0,1.0,0.0,0.0,0.0,1.0,0.0,1.0,0.0,0.0,1.0,-0.7815904316325576,-0.35646868933346404,1
1,0,0,0.0,1.0,0.0,0.0,0.0,0.0,1.0,1.0,0.0,0.0,1.0,0.0,0.3195455661823263,-0.3866707201133388,3
1,1,0,0.0,0.0,0.0,1.0,0.0,0.0,1.0,1.0,0.0,1.0,0.0,0.0,0.6865908987872876,0.4771073601910807,2
0,1,0,0.0,0.0,1.0,0.0,1.0,0.0,0.0,1.0,0.0,0.0,0.0,1.0,-0.7029799487545161,-0.3573083057891445,2
1,0,0,0.0,1.0,0.0,0.0,0.0,0.0,1.0,0.0,1.0,0.0,0.0,1.0,0.1727274331403418,-0.4888542575852486,1
1,1,1,0.0,0.0,1.0,0.0,0.0,0.0,1.0,1.0,0.0,0.0,1.0,0.0,-0.341136032506604,-0.04438103794142432,3
1,1,1,0.0,0.0,0.0,1.0,1.0,0.0,0.0,1.0,0.0,1.0,0.0,0.0,0.6865908987872876,1.5841789061771412,2
0,0,0,0.0,0.0,1.0,0.0,0.0,0.0,1.0,0.0,1.0,0.0,1.0,0.0,1.7877268966021715,-0.12491978668775715,1
0,0,0,0.0,0.0,0.0,1.0,1.0,0.0,0.0,0.0,1.0,1.0,0.0,0.0,0.46636369922431087,0.15948266982273065,1
0,0,0,0.0,1.0,0.0,0.0,1.0,0.0,0.0,0.0,1.0,0.0,0.0,1.0,-0.044347679855577686,-0.47299819142581434,1
1,0,2,0.0,0.0,0.0,1.0,0.0,0.0,1.0,1.0,0.0,1.0,0.0,0.0,-0.8549994981535498,0.955306180872432,3
0,0,0,0.0,0.0,1.0,0.0,0.0,0.0,1.0,0.0,1.0,0.0,1.0,0.0,1.2738634309552257,-0.3464013457401724,1
1,1,1,0.0,0.0,0.0,1.0,1.0,0.0,0.0,0.0,1.0,1.0,0.0,0.0,2.2281812957281253,0.9462455716384695,1
0,0,0,0.0,1.0,0.0,0.0,0.0,0.0,1.0,0.0,1.0,0.0,0.0,1.0,-0.5613632320695808,-0.4863374216869257,1
0,0,0,0.0,1.0,0.0,0.0,0.0,0.0,1.0,0.0,1.0,0.0,0.0,1.0,0.07771604418347255,-0.4863374216869257,1
0,0,0,1.0,0.0,0.0,0.0,0.0,0.0,1.0,0.0,1.0,0.0,0.0,1.0,0.3929546327033186,-0.5049620073345151,1
1,1,0,0.0,0.0,0.0,1.0,1.0,0.0,0.0,1.0,0.0,1.0,0.0,0.0,1.6409087635601871,0.9274538680872313,2
0,0,0,1.0,0.0,0.0,0.0,0.0,0.0,1.0,0.0,1.0,0.0,0.0,1.0,1.2738634309552257,-0.5024451714361923,1
0,0,2,1.0,0.0,0.0,0.0,0.0,1.0,0.0,1.0,0.0,0.0,0.0,1.0,-0.1599702168551615,-0.49237782784290063,3
0,1,0,0.0,0.0,1.0,0.0,0.0,0.0,1.0,0.0,1.0,0.0,1.0,0.0,0.5397727657453031,-0.12491978668775715,1
0,1,1,0.0,0.0,1.0,0.0,0.0,0.0,1.0,0.0,1.0,0.0,0.0,1.0,0.46636369922431087,-0.1621689579829361,1
1,0,0,0.0,0.0,0.0,1.0,0.0,0.0,1.0,1.0,0.0,0.0,1.0,0.0,-0.385091169142971,0.016023023618325298,3
0,0,0,1.0,0.0,0.0,0.0,0.0,0.0,1.0,0.0,1.0,0.0,0.0,1.0,1.4206815639972101,-0.6484216535389205,1
0,0,0,1.0,0.0,0.0,0.0,1.0,0.0,0.0,0.0,1.0,0.0,0.0,1.0,-0.00945881067615335,-0.5029485386158568,1
1,1,0,0.0,0.0,0.0,1.0,1.0,0.0,0.0,0.0,1.0,1.0,0.0,0.0,1.4206815639972101,0.49782998024351216,5
1,2,1,0.0,0.0,1.0,0.0,0.0,0.0,1.0,1.0,0.0,0.0,1.0,0.0,-0.4145450990275963,-0.10478509950117394,2
0,0,0,1.0,0.0,0.0,0.0,0.0,0.0,1.0,0.0,1.0,0.0,0.0,1.0,-0.12478437924093588,-0.4894421904510968,1
0,0,0,0.0,0.0,0.0,1.0,0.0,0.0,1.0,0.0,1.0,1.0,0.0,0.0,0.577663467172334,0.2052890831722074,1
0,0,0,0.0,1.0,0.0,0.0,0.0,0.0,1.0,0.0,1.0,0.0,0.0,1.0,1.053636231392249,-0.4863374216869257,1
1,0,0,0.0,0.0,1.0,0.0,1.0,0.0,0.0,0.0,1.0,1.0,0.0,0.0,0.3929546327033186,-0.11384570873513637,1
0,1,0,0.0,0.0,1.0,0.0,0.0,0.0,1.0,0.0,1.0,0.0,0.0,1.0,0.46636369922431087,-0.3353272677875516,1
0,0,0,1.0,0.0,0.0,0.0,0.0,0.0,1.0,0.0,1.0,0.0,0.0,1.0,0.0259093000983573,-0.4894421904510968,1
1,0,0,0.0,0.0,1.0,0.0,0.0,0.0,1.0,0.0,1.0,1.0,0.0,0.0,-0.19431789946461947,-0.034313694348132716,1
1,1,2,0.0,0.0,0.0,1.0,1.0,0.0,0.0,1.0,0.0,0.0,1.0,0.0,-0.5613632320695808,0.18876253192945994,2
1,0,0,0.0,0.0,0.0,1.0,0.0,0.0,1.0,1.0,0.0,1.0,0.0,0.0,0.7599999653082798,2.441497778832105,3
0,1,5,0.0,0.0,0.0,1.0,0.0,0.0,1.0,1.0,0.0,0.0,0.0,1.0,0.6865908987872876,-0.01870931177853076,2
0,0,0,1.0,0.0,0.0,0.0,0.0,0.0,1.0,0.0,1.0,0.0,0.0,1.0,-0.13054472822425797,-0.5064721088735089,1
1,1,0,0.0,0.0,1.0,0.0,0.0,1.0,0.0,1.0,0.0,0.0,0.0,1.0,0.25555625468156506,-0.3363340021468808,3
0,0,0,1.0,0.0,0.0,0.0,0.0,1.0,0.0,0.0,1.0,0.0,0.0,1.0,0.4146708183488622,-0.49237782784290063,1
0,0,0,0.0,1.0,0.0,0.0,0.0,0.0,1.0,0.0,1.0,0.0,0.0,1.0,0.3929546327033186,-0.4863374216869257,1
1,1,2,0.0,0.0,0.0,1.0,0.0,0.0,1.0,1.0,0.0,0.0,1.0,0.0,-0.4145450990275963,0.6603330135889879,3
0,1,1,0.0,1.0,0.0,0.0,0.0,0.0,1.0,0.0,1.0,0.0,0.0,1.0,0.3195455661823263,-0.35848215805212236,1
0,1,0,0.0,0.0,1.0,0.0,0.0,0.0,1.0,1.0,0.0,0.0,0.0,1.0,-0.26772696598561174,-0.32425318983493084,2
1,2,1,0.0,0.0,0.0,1.0,0.0,0.0,1.0,1.0,0.0,0.0,1.0,0.0,-1.8827264294474415,0.13683114673782454,3
0,0,0,0.0,1.0,0.0,0.0,0.0,0.0,1.0,0.0,1.0,0.0,1.0,0.0,-0.26772696598561174,-0.43700743807979686,1
0,1,0,0.0,1.0,0.0,0.0,1.0,0.0,0.0,0.0,1.0,0.0,0.0,1.0,-0.19431789946461947,-0.3573908580066095,1
1,1,0,0.0,0.0,0.0,1.0,0.0,0.0,1.0,0.0,1.0,1.0,0.0,0.0,0.9068180983502644,0.40974072380221066,1
1,1,1,0.0,0.0,1.0,0.0,1.0,0.0,0.0,0.0,1.0,0.0,0.0,1.0,-0.7081813651115653,-0.33146744825388363,1
0,0,0,1.0,0.0,0.0,0.0,0.0,0.0,1.0,0.0,1.0,0.0,0.0,1.0,-0.634772298590573,-0.4902797934380587,1
0,0,0,0.0,0.0,1.0,0.0,0.0,0.0,1.0,0.0,1.0,0.0,0.0,1.0,-0.634772298590573,-0.32425318983493084,1
0,0,0,0.0,0.0,0.0,1.0,0.0,0.0,1.0,0.0,1.0,1.0,0.0,0.0,2.3015903622491174,0.002347544081197954,1
0,0,0,0.0,1.0,0.0,0.0,0.0,1.0,0.0,0.0,1.0,0.0,1.0,0.0,2.0079540961651485,-0.3997582667846179,6
1,0,0,0.0,0.0,0.0,1.0,0.0,0.0,1.0,1.0,0.0,1.0,0.0,0.0,-0.634772298590573,0.921244330558889,3
0,0,0,1.0,0.0,0.0,0.0,0.0,0.0,1.0,0.0,1.0,0.0,0.0,1.0,-0.26772696598561174,-0.4894421904510968,1
0,0,0,1.0,0.0,0.0,0.0,0.0,1.0,0.0,0.0,1.0,0.0,0.0,1.0,-0.7158466571268016,-0.49271407711891657,1
1,0,0,0.0,0.0,1.0,0.0,0.0,0.0,1.0,0.0,1.0,1.0,0.0,0.0,3.6963626261479705,-0.04438103794142432,1
0,0,0,1.0,0.0,0.0,0.0,0.0,0.0,1.0,0.0,1.0,0.0,0.0,1.0,1.5674996970391948,-0.5063875431873253,1
1,0,0,0.0,0.0,1.0,0.0,1.0,0.0,0.0,0.0,1.0,1.0,0.0,0.0,0.1727274331403418,-0.034313694348132716,7
0,0,0,1.0,0.0,0.0,0.0,0.0,0.0,1.0,0.0,1.0,1.0,0.0,0.0,0.6744618738542993,-0.6484216535389205,1
0,3,2,0.0,0.0,1.0,0.0,0.0,0.0,1.0,1.0,0.0,0.0,0.0,1.0,-1.51568109684248,-0.08666388103324908,3
1,0,0,0.0,1.0,0.0,0.0,0.0,0.0,1.0,1.0,0.0,0.0,1.0,0.0,-0.12090883294362723,-0.3866707201133388,3
0,0,0,0.0,1.0,0.0,0.0,0.0,0.0,1.0,0.0,1.0,0.0,0.0,1.0,0.1727274331403418,-0.4888542575852486,1
0,1,1,0.0,0.0,1.0,0.0,0.0,0.0,1.0,0.0,1.0,0.0,1.0,0.0,0.09931836661934956,-0.11988611489111134,1
0,0,5,0.0,0.0,0.0,1.0,0.0,0.0,1.0,1.0,0.0,0.0,0.0,1.0,0.8334090318292722,0.1506737441786005,2
0,1,0,0.0,0.0,1.0,0.0,0.0,0.0,1.0,0.0,1.0,0.0,0.0,1.0,-0.21713575057237397,-0.32425318983493084,1
0,0,0,1.0,0.0,0.0,0.0,0.0,0.0,1.0,0.0,1.0,0.0,0.0,1.0,-0.7081813651115653,-0.4902797934380587,1
1,0,0,0.0,0.0,0.0,1.0,1.0,0.0,0.0,1.0,0.0,1.0,0.0,0.0,-0.4145450990275963,0.7469121684912956,3
0,3,2,0.0,0.0,1.0,0.0,0.0,0.0,1.0,1.0,0.0,0.0,0.0,1.0,-2.029544562489426,-0.08666388103324908,3
1,0,0,0.0,0.0,0.0,1.0,0.0,0.0,1.0,0.0,1.0,0.0,0.0,1.0,-0.005737488835285501,0.48910360681684706,1
1,2,1,0.0,0.0,1.0,0.0,1.0,0.0,0.0,1.0,0.0,0.0,0.0,1.0,-2.1213058956406665,-0.26066180729354516,3
1,1,0,0.0,0.0,0.0,1.0,1.0,0.0,0.0,0.0,1.0,1.0,0.0,0.0,1.347272497476218,0.8964967865378598,1
0,0,0,1.0,0.0,0.0,0.0,0.0,0.0,1.0,0.0,1.0,0.0,0.0,1.0,-0.7815904316325576,-0.4894421904510968,1
1,0,0,0.0,0.0,0.0,1.0,1.0,0.0,0.0,0.0,1.0,1.0,0.0,0.0,1.934545029644156,0.06635974158478332,5
0,0,0,1.0,0.0,0.0,0.0,0.0,0.0,1.0,0.0,1.0,0.0,0.0,1.0,0.10727477333752916,-0.49640476528021726,1
1,0,0,1.0,0.0,0.0,0.0,0.0,0.0,1.0,1.0,0.0,0.0,0.0,1.0,-0.4879541655485885,-0.49640476528021726,3
0,0,0,1.0,0.0,0.0,0.0,0.0,0.0,1.0,0.0,1.0,0.0,0.0,1.0,-0.12478437924093588,-0.4894421904510968,1
1,0,1,0.0,0.0,1.0,0.0,0.0,0.0,1.0,1.0,0.0,0.0,1.0,0.0,-0.8549994981535498,-0.18532384824750675,3
0,0,0,0.0,1.0,0.0,0.0,0.0,0.0,1.0,0.0,1.0,0.0,0.0,1.0,-0.634772298590573,-0.47861979608830835,1
1,0,0,1.0,0.0,0.0,0.0,0.0,1.0,0.0,1.0,0.0,0.0,0.0,1.0,-0.23972691995680445,-0.49078316061772326,3
0,0,0,1.0,0.0,0.0,0.0,0.0,1.0,0.0,1.0,0.0,0.0,0.0,1.0,-0.8549994981535498,-0.5125125150294839,3
0,2,0,0.0,0.0,0.0,1.0,0.0,0.0,1.0,0.0,1.0,0.0,1.0,0.0,-0.4145450990275963,0.8314778546749452,1
0,0,0,1.0,0.0,0.0,0.0,0.0,0.0,1.0,0.0,1.0,0.0,0.0,1.0,-0.12478437924093588,-0.4894421904510968,1
0,1,1,0.0,0.0,1.0,0.0,0.0,1.0,0.0,1.0,0.0,0.0,0.0,1.0,0.1727274331403418,-0.3363340021468808,2
0,0,0,0.0,1.0,0.0,0.0,0.0,0.0,1.0,0.0,1.0,0.0,1.0,0.0,-0.4879541655485885,-0.3866707201133388,1
0,0,2,0.0,0.0,0.0,1.0,1.0,0.0,0.0,0.0,1.0,1.0,0.0,0.0,2.0813631626861406,1.6323350375212924,1
1,2,0,0.0,0.0,0.0,1.0,0.0,0.0,1.0,0.0,1.0,1.0,0.0,0.0,1.4940906305182025,2.042579288947925,7
0,0,0,1.0,0.0,0.0,0.0,1.0,0.0,0.0,0.0,1.0,0.0,0.0,1.0,0.7599999653082798,-0.5029485386158568,1
0,0,0,0.0,0.0,1.0,0.0,0.0,0.0,1.0,0.0,1.0,1.0,0.0,0.0,1.2738634309552257,-0.13322534515222276,1
0,0,0,1.0,0.0,0.0,0.0,0.0,0.0,1.0,0.0,1.0,0.0,0.0,1.0,0.46636369922431087,-0.4974960653257301,1
1,1,0,0.0,1.0,0.0,0.0,0.0,0.0,1.0,0.0,1.0,0.0,0.0,1.0,-0.7081813651115653,-0.4888542575852486,1
0,2,0,0.0,0.0,0.0,1.0,0.0,0.0,1.0,0.0,1.0,0.0,1.0,0.0,0.1727274331403418,0.8314778546749452,1
0,0,0,0.0,1.0,0.0,0.0,0.0,0.0,1.0,0.0,1.0,0.0,1.0,0.0,-0.341136032506604,-0.3866707201133388,1
0,0,0,1.0,0.0,0.0,0.0,0.0,0.0,1.0,0.0,1.0,0.0,0.0,1.0,-0.15647888319444955,-0.4918744606632361,1
0,0,0,0.0,1.0,0.0,0.0,0.0,0.0,1.0,0.0,1.0,0.0,0.0,1.0,0.9802271648712567,-0.4863374216869257,1
1,1,0,0.0,0.0,0.0,1.0,0.0,0.0,1.0,1.0,0.0,1.0,0.0,0.0,0.6930639736241947,0.39858208016340624,2
1,1,1,0.0,0.0,0.0,1.0,0.0,0.0,1.0,1.0,0.0,0.0,1.0,0.0,0.7599999653082798,0.13683114673782454,2
0,1,0,0.0,0.0,0.0,1.0,0.0,0.0,1.0,0.0,1.0,1.0,0.0,0.0,0.09931836661934956,0.39858208016340624,1
0,0,0,0.0,1.0,0.0,0.0,0.0,0.0,1.0,0.0,1.0,0.0,1.0,0.0,2.962271960938048,-0.43700743807979686,1
1,0,0,0.0,1.0,0.0,0.0,0.0,0.0,1.0,0.0,1.0,0.0,1.0,0.0,0.09931836661934956,-0.3866707201133388,1
0,0,0,1.0,0.0,0.0,0.0,0.0,0.0,1.0,0.0,1.0,0.0,1.0,0.0,0.3967585120408176,-0.6484216535389205,1
0,0,0,1.0,0.0,0.0,0.0,0.0,0.0,1.0,0.0,1.0,0.0,0.0,1.0,-0.8549994981535498,-0.4918744606632361,1
0,0,0,0.0,1.0,0.0,0.0,0.0,0.0,1.0,0.0,1.0,0.0,0.0,1.0,-0.3778405657671001,-0.4863374216869257,1
1,0,0,0.0,1.0,0.0,0.0,0.0,0.0,1.0,1.0,0.0,0.0,0.0,1.0,-0.8549994981535498,-0.45026210265472455,3
0,1,6,0.0,0.0,0.0,1.0,0.0,0.0,1.0,1.0,0.0,0.0,0.0,1.0,0.9802271648712567,0.2958951755118318,2
1,0,1,0.0,0.0,0.0,1.0,1.0,0.0,0.0,0.0,1.0,1.0,0.0,0.0,0.46636369922431087,9.667166525013505,1
0,0,0,0.0,1.0,0.0,0.0,0.0,1.0,0.0,1.0,0.0,0.0,0.0,1.0,-0.45297970856447745,-0.48457563655809965,3
1,0,0,0.0,0.0,0.0,1.0,1.0,0.0,0.0,0.0,1.0,1.0,0.0,0.0,-0.19431789946461947,0.8964967865378598,1
0,0,0,0.0,1.0,0.0,0.0,0.0,0.0,1.0,0.0,1.0,0.0,0.0,1.0,-0.7081813651115653,-0.4626791642426904,1
0,5,2,0.0,0.0,0.0,1.0,0.0,0.0,1.0,0.0,1.0,0.0,0.0,1.0,-1.148635764237519,0.2958951755118318,1
0,1,1,0.0,0.0,0.0,1.0,0.0,0.0,1.0,0.0,1.0,0.0,1.0,0.0,2.2281812957281253,0.13683114673782454,1
0,1,2,0.0,0.0,0.0,1.0,1.0,0.0,0.0,0.0,1.0,0.0,1.0,0.0,-0.341136032506604,0.18876253192945994,1
0,4,1,0.0,0.0,0.0,1.0,0.0,0.0,1.0,0.0,1.0,0.0,0.0,1.0,-1.148635764237519,0.1506737441786005,1
0,0,0,0.0,1.0,0.0,0.0,0.0,0.0,1.0,0.0,1.0,0.0,0.0,1.0,-0.7815904316325576,-0.44363577710162005,1
0,0,0,1.0,0.0,0.0,0.0,0.0,0.0,1.0,0.0,1.0,0.0,0.0,1.0,-0.8549994981535498,-0.49145565916975514,1
1,0,1,0.0,0.0,0.0,1.0,0.0,0.0,1.0,1.0,0.0,1.0,0.0,0.0,-1.0752266977165266,3.6067927997556075,3
1,1,0,0.0,0.0,0.0,1.0,0.0,0.0,1.0,0.0,1.0,1.0,0.0,0.0,0.09931836661934956,0.49925551609632224,1
1,0,1,0.0,1.0,0.0,0.0,1.0,0.0,0.0,1.0,0.0,0.0,0.0,1.0,-1.8827264294474415,-0.37828059596268965,3
1,0,0,0.0,0.0,0.0,1.0,0.0,0.0,1.0,0.0,1.0,0.0,0.0,1.0,-0.005737488835285501,0.48910360681684706,1
0,0,0,1.0,0.0,0.0,0.0,1.0,0.0,0.0,0.0,1.0,0.0,0.0,1.0,-0.341136032506604,-0.5029485386158568,1
0,0,0,0.0,0.0,1.0,0.0,0.0,0.0,1.0,0.0,1.0,1.0,0.0,0.0,2.2281812957281253,-0.11384570873513637,5
0,0,0,0.0,1.0,0.0,0.0,0.0,0.0,1.0,0.0,1.0,0.0,1.0,0.0,1.6409087635601871,-0.3766033765200472,1
0,0,0,0.0,1.0,0.0,0.0,0.0,0.0,1.0,0.0,1.0,0.0,0.0,1.0,1.053636231392249,-0.4863374216869257,1
1,0,0,1.0,0.0,0.0,0.0,0.0,1.0,0.0,1.0,0.0,0.0,0.0,1.0,-0.7158466571268016,-0.49271407711891657,3
0,1,1,0.0,0.0,0.0,1.0,1.0,0.0,0.0,0.0,1.0,1.0,0.0,0.0,1.4206815639972101,1.5841789061771412,1
0,0,0,1.0,0.0,0.0,0.0,0.0,0.0,1.0,0.0,1.0,0.0,0.0,1.0,0.9068180983502644,-0.494391296561559,1
1,1,0,0.0,0.0,0.0,1.0,1.0,0.0,0.0,1.0,0.0,1.0,0.0,0.0,-0.8549994981535498,3.9327230485884233,2
1,0,0,0.0,0.0,1.0,0.0,0.0,0.0,1.0,0.0,1.0,1.0,0.0,0.0,0.3929546327033186,-0.11913106412161445,1
0,0,1,0.0,1.0,0.0,0.0,1.0,0.0,0.0,1.0,0.0,0.0,0.0,1.0,-0.8549994981535498,-0.3573908580066095,3
0,0,0,1.0,0.0,0.0,0.0,0.0,1.0,0.0,0.0,1.0,0.0,0.0,1.0,-0.341136032506604,-0.4925449457465493,1
0,1,0,1.0,0.0,0.0,0.0,0.0,0.0,1.0,0.0,1.0,0.0,0.0,1.0,-0.26772696598561174,-0.4902797934380587,1
0,0,0,0.0,0.0,1.0,0.0,0.0,0.0,1.0,0.0,1.0,0.0,1.0,0.0,0.6865908987872876,-0.12491978668775715,1
1,0,0,0.0,1.0,0.0,0.0,0.0,0.0,1.0,1.0,0.0,0.0,1.0,0.0,1.1270452979132413,-0.3766033765200472,2
1,0,0,0.0,0.0,1.0,0.0,0.0,0.0,1.0,0.0,1.0,1.0,0.0,0.0,0.9068180983502644,-0.11913106412161445,1
1,0,0,0.0,0.0,0.0,1.0,0.0,0.0,1.0,1.0,0.0,1.0,0.0,0.0,-0.5613632320695808,2.4029901895877646,3
1,1,1,0.0,0.0,1.0,0.0,1.0,0.0,0.0,0.0,1.0,0.0,0.0,1.0,-0.92178344885607,-0.3414522396297103,4
1,0,0,0.0,0.0,0.0,1.0,1.0,0.0,0.0,1.0,0.0,1.0,0.0,0.0,-0.4145450990275963,0.3483299278831318,3
0,0,0,0.0,0.0,1.0,0.0,0.0,0.0,1.0,0.0,1.0,1.0,0.0,0.0,1.4867063612426858,-0.11384570873513637,1
1,1,0,0.0,0.0,0.0,1.0,0.0,0.0,1.0,0.0,1.0,1.0,0.0,0.0,1.347272497476218,0.39858208016340624,1
0,0,0,0.0,1.0,0.0,0.0,0.0,0.0,1.0,0.0,1.0,0.0,0.0,1.0,-0.04749976642263496,-0.457478374542396,1
0,0,0,0.0,1.0,0.0,0.0,0.0,0.0,1.0,0.0,1.0,0.0,1.0,0.0,1.6409087635601871,-0.3866707201133388,1
0,0,0,1.0,0.0,0.0,0.0,0.0,0.0,1.0,0.0,1.0,0.0,0.0,1.0,-0.7815904316325576,-0.494391296561559,1
1,0,0,0.0,0.0,0.0,1.0,1.0,0.0,0.0,1.0,0.0,1.0,0.0,0.0,0.6131818322662954,3.9327230485884233,3
1,0,0,0.0,1.0,0.0,0.0,0.0,0.0,1.0,1.0,0.0,0.0,1.0,0.0,-0.19431789946461947,-0.43700743807979686,3
0,0,0,0.0,0.0,1.0,0.0,0.0,1.0,0.0,0.0,1.0,0.0,0.0,1.0,-0.171643754152047,-0.3363340021468808,1
0,0,0,1.0,0.0,0.0,0.0,0.0,0.0,1.0,0.0,1.0,0.0,0.0,1.0,0.24613649966133408,-0.4918744606632361,1
1,0,1,0.0,0.0,0.0,1.0,0.0,0.0,1.0,1.0,0.0,0.0,1.0,0.0,-1.7359082964054569,0.016023023618325298,3
0,1,0,1.0,0.0,0.0,0.0,0.0,0.0,1.0,0.0,1.0,0.0,0.0,1.0,-0.928408564674542,-0.5063875431873253,1
0,0,0,0.0,1.0,0.0,0.0,0.0,0.0,1.0,0.0,1.0,0.0,1.0,0.0,0.3195455661823263,-0.3866707201133388,1
0,0,0,0.0,1.0,0.0,0.0,0.0,0.0,1.0,0.0,1.0,0.0,1.0,0.0,1.4940906305182025,-0.3866707201133388,1
1,1,0,0.0,0.0,0.0,1.0,0.0,0.0,1.0,0.0,1.0,1.0,0.0,0.0,-0.19431789946461947,0.4207302360686478,1
0,0,0,0.0,1.0,0.0,0.0,0.0,0.0,1.0,0.0,1.0,0.0,0.0,1.0,-0.7081813651115653,-0.47400492578514347,1
1,3,0,0.0,0.0,1.0,0.0,0.0,0.0,1.0,1.0,0.0,0.0,1.0,0.0,0.0259093000983573,-0.22559322262067316,2
1,0,0,1.0,0.0,0.0,0.0,0.0,1.0,0.0,1.0,0.0,0.0,0.0,1.0,-0.7158466571268016,-0.4926295114327329,3
0,1,0,0.0,0.0,1.0,0.0,0.0,0.0,1.0,0.0,1.0,0.0,1.0,0.0,-0.341136032506604,-0.12491978668775715,1
0,1,0,0.0,1.0,0.0,0.0,0.0,0.0,1.0,1.0,0.0,0.0,0.0,1.0,-0.341136032506604,-0.4888542575852486,3
1,0,0,0.0,0.0,0.0,1.0,0.0,0.0,1.0,1.0,0.0,1.0,0.0,0.0,-0.04749976642263496,3.6067927997556075,3
0,0,0,0.0,0.0,1.0,0.0,1.0,0.0,0.0,0.0,1.0,0.0,0.0,1.0,-1.3688629638004957,-0.2701412180209885,1
0,0,0,1.0,0.0,0.0,0.0,0.0,0.0,1.0,0.0,1.0,0.0,1.0,0.0,0.3967585120408176,-0.6484216535389205,1
0,0,0,0.0,1.0,0.0,0.0,0.0,0.0,1.0,0.0,1.0,0.0,1.0,0.0,-0.4879541655485885,-0.3866707201133388,1
0,0,0,0.0,1.0,0.0,0.0,0.0,0.0,1.0,0.0,1.0,0.0,1.0,0.0,-0.4879541655485885,-0.3866707201133388,1
0,0,0,0.0,0.0,1.0,0.0,0.0,0.0,1.0,0.0,1.0,0.0,0.0,1.0,-0.08420429968313109,-0.32425318983493084,1
0,1,3,0.0,0.0,0.0,1.0,0.0,0.0,1.0,1.0,0.0,0.0,0.0,1.0,1.347272497476218,0.04370821849987721,2
1,0,0,0.0,0.0,0.0,1.0,1.0,0.0,0.0,0.0,1.0,1.0,0.0,0.0,0.3929546327033186,9.667166525013505,1
0,0,0,1.0,0.0,0.0,0.0,0.0,0.0,1.0,0.0,1.0,0.0,0.0,1.0,-0.12478437924093588,-0.4894421904510968,1
0,0,0,1.0,0.0,0.0,0.0,0.0,0.0,1.0,0.0,1.0,0.0,0.0,1.0,-0.12478437924093588,-0.4894421904510968,1
1,0,0,0.0,0.0,1.0,0.0,0.0,0.0,1.0,0.0,1.0,1.0,0.0,0.0,0.6445004707962685,-0.04438103794142432,1
0,1,0,0.0,0.0,0.0,1.0,0.0,0.0,1.0,0.0,1.0,1.0,0.0,0.0,0.46636369922431087,0.9391984311231651,1
1,2,2,0.0,0.0,0.0,1.0,1.0,0.0,0.0,1.0,0.0,1.0,0.0,0.0,-0.634772298590573,4.634416897040849,3
0,1,0,0.0,0.0,1.0,0.0,0.0,0.0,1.0,0.0,1.0,0.0,0.0,1.0,-0.4145450990275963,-0.32425318983493084,1
1,0,0,0.0,1.0,0.0,0.0,0.0,0.0,1.0,0.0,1.0,0.0,0.0,1.0,0.09931836661934956,-0.4888542575852486,1
0,1,1,0.0,0.0,0.0,1.0,0.0,0.0,1.0,0.0,1.0,1.0,0.0,0.0,2.962271960938048,0.7811411367084872,5
0,1,1,0.0,0.0,1.0,0.0,0.0,0.0,1.0,0.0,1.0,0.0,0.0,1.0,-1.0018176311955342,-0.24069423801061057,1
1,0,0,0.0,1.0,0.0,0.0,0.0,0.0,1.0,1.0,0.0,0.0,1.0,0.0,0.0259093000983573,-0.3866707201133388,3
0,1,0,0.0,0.0,0.0,1.0,0.0,0.0,1.0,0.0,1.0,1.0,0.0,0.0,-0.7815904316325576,0.4207302360686478,1
0,0,0,1.0,0.0,0.0,0.0,0.0,1.0,0.0,0.0,1.0,0.0,0.0,1.0,0.09931836661934956,-0.49237782784290063,1
1,1,1,0.0,0.0,1.0,0.0,0.0,0.0,1.0,1.0,0.0,0.0,1.0,0.0,-1.8827264294474415,-0.18532384824750675,3
1,0,1,0.0,1.0,0.0,0.0,0.0,0.0,1.0,0.0,1.0,0.0,0.0,1.0,-1.7359082964054569,-0.397241430886295,4
0,0,0,0.0,1.0,0.0,0.0,0.0,0.0,1.0,0.0,1.0,0.0,0.0,1.0,0.24613649966133408,-0.45714212526638004,1
0,0,0,1.0,0.0,0.0,0.0,0.0,0.0,1.0,0.0,1.0,0.0,0.0,1.0,-0.4879541655485885,-0.4894421904510968,1
1,1,2,0.0,0.0,0.0,1.0,0.0,0.0,1.0,1.0,0.0,0.0,1.0,0.0,1.347272497476218,0.6603330135889879,2
1,1,1,0.0,0.0,1.0,0.0,0.0,0.0,1.0,0.0,1.0,0.0,1.0,0.0,-2.127178620962346,-0.35646868933346404,4
0,0,0,1.0,0.0,0.0,0.0,0.0,0.0,1.0,0.0,1.0,0.0,0.0,1.0,-0.12090883294362723,-0.49145565916975514,1
0,0,0,0.0,1.0,0.0,0.0,0.0,0.0,1.0,0.0,1.0,0.0,1.0,0.0,-0.8549994981535498,-0.41687275089321363,1
0,0,0,0.0,1.0,0.0,0.0,0.0,0.0,1.0,0.0,1.0,0.0,0.0,1.0,0.3195455661823263,-0.4863374216869257,1
1,0,0,0.0,0.0,0.0,1.0,0.0,0.0,1.0,1.0,0.0,1.0,0.0,0.0,0.24613649966133408,1.093228788100527,8
0,0,0,0.0,0.0,1.0,0.0,0.0,0.0,1.0,0.0,1.0,0.0,0.0,1.0,-0.38980866873096914,-0.35646868933346404,1
0,0,0,1.0,0.0,0.0,0.0,0.0,0.0,1.0,0.0,1.0,0.0,0.0,1.0,0.8334090318292722,-0.5049620073345151,1
1,0,0,1.0,0.0,0.0,0.0,1.0,0.0,0.0,0.0,1.0,0.0,0.0,1.0,-0.7081813651115653,-0.5028639729296732,1
1,1,2,0.0,0.0,0.0,1.0,0.0,0.0,1.0,1.0,0.0,1.0,0.0,0.0,0.46636369922431087,1.7677408088510642,2
0,0,0,1.0,0.0,0.0,0.0,0.0,0.0,1.0,0.0,1.0,0.0,0.0,1.0,-1.0018176311955342,-0.4918744606632361,1
1,1,0,0.0,0.0,0.0,1.0,0.0,0.0,1.0,1.0,0.0,1.0,0.0,0.0,1.5674996970391948,0.921244330558889,2
0,0,0,0.0,0.0,0.0,1.0,1.0,0.0,0.0,0.0,1.0,1.0,0.0,0.0,0.6985494105070505,0.1489119590497745,7
0,0,0,1.0,0.0,0.0,0.0,0.0,1.0,0.0,1.0,0.0,0.0,0.0,1.0,0.06261383335885343,-0.49237782784290063,3
0,1,0,0.0,0.0,1.0,0.0,0.0,1.0,0.0,0.0,1.0,0.0,0.0,1.0,0.2860090067404486,-0.1621689579829361,1
0,0,0,0.0,1.0,0.0,0.0,0.0,0.0,1.0,0.0,1.0,0.0,0.0,1.0,0.1727274331403418,-0.4800453319411184,1
0,0,0,0.0,1.0,0.0,0.0,0.0,0.0,1.0,0.0,1.0,0.0,0.0,1.0,-0.4145450990275963,-0.45714212526638004,1
0,0,0,1.0,0.0,0.0,0.0,0.0,0.0,1.0,0.0,1.0,0.0,0.0,1.0,1.347272497476218,-0.4902797934380587,1
0,0,0,0.0,1.0,0.0,0.0,0.0,0.0,1.0,1.0,0.0,0.0,1.0,0.0,2.0079540961651485,-0.43700743807979686,2
0,0,0,1.0,0.0,0.0,0.0,1.0,0.0,0.0,0.0,1.0,0.0,0.0,1.0,-0.00945881067615335,-0.5029485386158568,1
1,1,3,0.0,0.0,1.0,0.0,0.0,0.0,1.0,1.0,0.0,0.0,1.0,0.0,1.7877268966021715,-0.18532384824750675,2
0,0,0,1.0,0.0,0.0,0.0,0.0,0.0,1.0,0.0,1.0,0.0,0.0,1.0,-0.8549994981535498,-0.49237782784290063,1
0,0,0,1.0,0.0,0.0,0.0,0.0,1.0,0.0,0.0,1.0,0.0,0.0,1.0,0.4146708183488622,-0.49237782784290063,1
1,0,0,0.0,1.0,0.0,0.0,0.0,0.0,1.0,1.0,0.0,0.0,0.0,1.0,-1.8093173629264492,-0.397241430886295,3
0,0,0,1.0,0.0,0.0,0.0,0.0,1.0,0.0,0.0,1.0,0.0,0.0,1.0,-0.7158466571268016,-0.4926295114327329,1
1,0,1,0.0,0.0,0.0,1.0,0.0,0.0,1.0,1.0,0.0,1.0,0.0,0.0,0.9802271648712567,3.6067927997556075,2
1,0,0,1.0,0.0,0.0,0.0,1.0,0.0,0.0,1.0,0.0,0.0,0.0,1.0,-1.2220448307585112,-0.5028639729296732,3
1,1,0,0.0,0.0,0.0,1.0,0.0,0.0,1.0,1.0,0.0,1.0,0.0,0.0,-0.928408564674542,0.49925551609632224,2
0,0,0,0.0,0.0,1.0,0.0,0.0,0.0,1.0,0.0,1.0,1.0,0.0,0.0,-0.04749976642263496,-0.04438103794142432,1
0,1,2,0.0,0.0,1.0,0.0,0.0,0.0,1.0,0.0,1.0,0.0,0.0,1.0,-0.9924249265688819,-0.17626323901354432,1
0,0,0,1.0,0.0,0.0,0.0,0.0,0.0,1.0,0.0,1.0,0.0,0.0,1.0,-0.341136032506604,-0.5064721088735089,1
0,0,0,1.0,0.0,0.0,0.0,0.0,0.0,1.0,0.0,1.0,0.0,0.0,1.0,-0.341136032506604,-0.5024451714361923,1
1,0,0,1.0,0.0,0.0,0.0,0.0,0.0,1.0,1.0,0.0,0.0,0.0,1.0,-0.8549994981535498,-0.4974960653257301,3
0,4,1,0.0,0.0,1.0,0.0,0.0,1.0,0.0,0.0,1.0,0.0,0.0,1.0,-1.5890901633634724,-0.06199888922968463,4
1,1,2,0.0,0.0,1.0,0.0,0.0,0.0,1.0,0.0,1.0,0.0,0.0,1.0,-2.1029536290104183,-0.23415046467497105,4
0,0,0,0.0,0.0,0.0,1.0,1.0,0.0,0.0,0.0,1.0,1.0,0.0,0.0,1.2004543644342334,0.9462455716384695,1
0,0,0,1.0,0.0,0.0,0.0,0.0,1.0,0.0,0.0,1.0,0.0,0.0,1.0,0.4146708183488622,-0.49237782784290063,1
0,0,0,0.0,0.0,1.0,0.0,0.0,0.0,1.0,0.0,1.0,0.0,1.0,0.0,-1.0018176311955342,-0.12491978668775715,1
0,8,2,0.0,0.0,0.0,1.0,0.0,0.0,1.0,1.0,0.0,0.0,0.0,1.0,-1.378415909036027,0.7519458402879414,3
0,0,0,0.0,0.0,1.0,0.0,1.0,0.0,0.0,0.0,1.0,1.0,0.0,0.0,1.5222271710853588,-0.030371322596999754,1
0,0,0,1.0,0.0,0.0,0.0,0.0,0.0,1.0,0.0,1.0,0.0,0.0,1.0,-0.341136032506604,-0.4894421904510968,1
0,0,0,0.0,1.0,0.0,0.0,0.0,0.0,1.0,0.0,1.0,0.0,1.0,0.0,0.6865908987872876,-0.3866707201133388,1
1,0,0,0.0,0.0,1.0,0.0,0.0,0.0,1.0,1.0,0.0,1.0,0.0,0.0,1.4206815639972101,-0.1263453225405672,7
1,0,0,0.0,1.0,0.0,0.0,0.0,0.0,1.0,1.0,0.0,0.0,0.0,1.0,0.09931836661934956,-0.4735861242916626,2
0,0,0,1.0,0.0,0.0,0.0,1.0,0.0,0.0,0.0,1.0,0.0,0.0,1.0,0.0259093000983573,-0.5028639729296732,1
0,1,1,0.0,0.0,1.0,0.0,0.0,0.0,1.0,1.0,0.0,0.0,0.0,1.0,0.0259093000983573,-0.1621689579829361,2
0,0,0,0.0,1.0,0.0,0.0,0.0,0.0,1.0,0.0,1.0,0.0,1.0,0.0,0.3195455661823263,-0.3866707201133388,1
1,1,1,0.0,0.0,1.0,0.0,0.0,0.0,1.0,1.0,0.0,0.0,1.0,0.0,0.09931836661934956,-0.11988611489111134,2
1,1,2,0.0,0.0,0.0,1.0,0.0,0.0,1.0,0.0,1.0,1.0,0.0,0.0,-1.3688629638004957,1.7677408088510642,4
1,0,1,0.0,1.0,0.0,0.0,1.0,0.0,0.0,0.0,1.0,0.0,0.0,1.0,-2.1455308875925936,-0.47694056317694733,4
1,0,0,1.0,0.0,0.0,0.0,0.0,0.0,1.0,0.0,1.0,0.0,0.0,1.0,-0.19431789946461947,-0.5079822104125026,1
0,0,0,1.0,0.0,0.0,0.0,0.0,0.0,1.0,0.0,1.0,0.0,0.0,1.0,0.09931836661934956,-0.4918744606632361,1
0,0,0,1.0,0.0,0.0,0.0,0.0,0.0,1.0,0.0,1.0,1.0,0.0,0.0,0.6865908987872876,-0.6484216535389205,1
0,0,0,1.0,0.0,0.0,0.0,0.0,0.0,1.0,1.0,0.0,0.0,0.0,1.0,-0.8549994981535498,-0.4918744606632361,3
0,0,0,0.0,1.0,0.0,0.0,0.0,0.0,1.0,0.0,1.0,0.0,1.0,0.0,0.6865908987872876,-0.3866707201133388,1
1,1,0,0.0,0.0,0.0,1.0,0.0,0.0,1.0,1.0,0.0,1.0,0.0,0.0,0.24613649966133408,0.4207302360686478,2
0,0,0,1.0,0.0,0.0,0.0,0.0,0.0,1.0,0.0,1.0,0.0,0.0,1.0,-0.26772696598561174,-0.4896093083547455,1
0,0,0,0.0,0.0,1.0,0.0,0.0,0.0,1.0,0.0,1.0,0.0,0.0,1.0,0.6865908987872876,-0.1621689579829361,1
0,0,0,0.0,1.0,0.0,0.0,0.0,0.0,1.0,0.0,1.0,0.0,1.0,0.0,0.3929546327033186,-0.43700743807979686,1
0,4,2,0.0,0.0,0.0,1.0,0.0,0.0,1.0,1.0,0.0,0.0,0.0,1.0,-1.7359082964054569,-0.01870931177853076,3
0,0,0,0.0,1.0,0.0,0.0,0.0,0.0,1.0,0.0,1.0,0.0,0.0,1.0,0.06261383335885343,-0.4863374216869257,1
0,0,0,1.0,0.0,0.0,0.0,0.0,0.0,1.0,0.0,1.0,1.0,0.0,0.0,0.6744618738542993,-0.6484216535389205,1
0,0,0,0.0,1.0,0.0,0.0,0.0,0.0,1.0,1.0,0.0,0.0,0.0,1.0,-0.4879541655485885,-0.4888542575852486,3
0,1,1,0.0,0.0,0.0,1.0,1.0,0.0,0.0,0.0,1.0,0.0,1.0,0.0,0.09931836661934956,0.09664633805084172,1
0,0,0,1.0,0.0,0.0,0.0,0.0,0.0,1.0,0.0,1.0,0.0,0.0,1.0,0.9802271648712567,-0.5185529211854588,1
0,3,2,0.0,0.0,1.0,0.0,0.0,0.0,1.0,0.0,1.0,0.0,0.0,1.0,-1.442272030321488,-0.08666388103324908,4
1,1,1,0.0,0.0,0.0,1.0,0.0,0.0,1.0,1.0,0.0,1.0,0.0,0.0,1.6409087635601871,1.2341715984066093,2
1,0,0,0.0,1.0,0.0,0.0,0.0,0.0,1.0,0.0,1.0,0.0,0.0,1.0,-0.19431789946461947,-0.47400492578514347,1
0,0,0,1.0,0.0,0.0,0.0,0.0,0.0,1.0,0.0,1.0,1.0,0.0,0.0,0.6131818322662954,-0.6484216535389205,4
1,0,1,0.0,1.0,0.0,0.0,0.0,0.0,1.0,1.0,0.0,0.0,0.0,1.0,-0.19431789946461947,-0.397241430886295,2
0,4,1,0.0,0.0,0.0,1.0,0.0,0.0,1.0,0.0,1.0,0.0,0.0,1.0,-2.029544562489426,0.1506737441786005,4
0,0,0,1.0,0.0,0.0,0.0,0.0,1.0,0.0,0.0,1.0,0.0,0.0,1.0,0.4003714836992648,-0.5084855775921673,1
0,0,0,0.0,0.0,0.0,1.0,0.0,0.0,1.0,0.0,1.0,0.0,0.0,1.0,-0.005737488835285501,0.48910360681684706,1
1,0,2,0.0,0.0,0.0,1.0,1.0,0.0,0.0,0.0,1.0,0.0,1.0,0.0,-2.1029536290104183,0.09664633805084172,4
1,0,0,1.0,0.0,0.0,0.0,0.0,1.0,0.0,0.0,1.0,0.0,0.0,1.0,0.4146708183488622,-0.49237782784290063,1
1,0,0,0.0,0.0,0.0,1.0,0.0,0.0,0.0,1.0,0.0,1.0,0.0,0.0,2.37499942877011,0.962353321387736,2
1,1,0,0.0,1.0,0.0,0.0,1.0,0.0,0.0,1.0,0.0,0.0,0.0,1.0,-1.0752266977165266,-0.3573908580066095,2
1,1,1,0.0,0.0,1.0,0.0,0.0,0.0,1.0,0.0,1.0,0.0,1.0,0.0,-2.1154331703189873,-0.2708962687904854,4
0,0,0,1.0,0.0,0.0,0.0,1.0,0.0,0.0,0.0,1.0,0.0,0.0,1.0,-0.4970343633524355,-0.5028639729296732,1
0,0,0,1.0,0.0,0.0,0.0,0.0,0.0,1.0,0.0,1.0,0.0,0.0,1.0,-0.4879541655485885,-0.4902797934380587,1
0,0,0,0.0,1.0,0.0,0.0,0.0,0.0,1.0,0.0,1.0,0.0,0.0,1.0,-0.8549994981535498,-0.48130374989027985,1
1,1,1,0.0,0.0,0.0,1.0,1.0,0.0,0.0,1.0,0.0,1.0,0.0,0.0,0.6865908987872876,1.0259447039291216,3
0,0,0,0.0,1.0,0.0,0.0,0.0,0.0,1.0,0.0,1.0,0.0,0.0,1.0,-0.634772298590573,-0.47400492578514347,1
0,0,0,0.0,1.0,0.0,0.0,0.0,0.0,1.0,0.0,1.0,0.0,0.0,1.0,0.07771604418347255,-0.4863374216869257,1
1,0,0,0.0,0.0,0.0,1.0,0.0,0.0,1.0,0.0,1.0,0.0,0.0,1.0,0.1727274331403418,0.48910360681684706,1
1,0,0,0.0,0.0,1.0,0.0,1.0,0.0,0.0,0.0,1.0,1.0,0.0,0.0,1.5609626289343241,-0.05042144409739929,1
0,0,0,0.0,1.0,0.0,0.0,0.0,0.0,1.0,0.0,1.0,0.0,0.0,1.0,-0.7081813651115653,-0.4888542575852486,1
0,0,0,0.0,1.0,0.0,0.0,0.0,0.0,1.0,0.0,1.0,0.0,1.0,0.0,-1.0018176311955342,-0.43700743807979686,1
1,0,0,0.0,0.0,1.0,0.0,1.0,0.0,0.0,1.0,0.0,1.0,0.0,0.0,0.0259093000983573,-0.024246350754841113,3
0,0,0,1.0,0.0,0.0,0.0,1.0,0.0,0.0,0.0,1.0,0.0,0.0,1.0,0.3562500994428225,-0.5188046047752911,1
0,0,0,0.0,1.0,0.0,0.0,0.0,0.0,1.0,0.0,1.0,0.0,0.0,1.0,-0.928408564674542,-0.47400492578514347,1
0,0,0,1.0,0.0,0.0,0.0,0.0,0.0,1.0,0.0,1.0,0.0,0.0,1.0,0.9068180983502644,-0.49640476528021726,1
0,8,2,0.0,0.0,0.0,1.0,0.0,0.0,1.0,0.0,1.0,0.0,0.0,1.0,-1.378415909036027,0.7519458402879414,1
0,0,0,1.0,0.0,0.0,0.0,1.0,0.0,0.0,0.0,1.0,0.0,0.0,1.0,0.3929546327033186,-0.4894421904510968,1
0,0,1,0.0,0.0,0.0,1.0,0.0,0.0,1.0,0.0,1.0,0.0,1.0,0.0,-0.12090883294362723,0.016023023618325298,6
1,1,0,0.0,0.0,0.0,1.0,1.0,0.0,0.0,1.0,0.0,1.0,0.0,0.0,1.0510496250636239,1.145663540471827,2
0,4,2,0.0,0.0,0.0,1.0,0.0,0.0,1.0,0.0,1.0,0.0,0.0,1.0,-1.8827264294474415,-0.01870931177853076,4
0,0,0,1.0,0.0,0.0,0.0,0.0,0.0,1.0,0.0,1.0,0.0,0.0,1.0,3.255908227022017,-0.4918744606632361,1
0,1,1,0.0,0.0,1.0,0.0,1.0,0.0,0.0,1.0,0.0,0.0,0.0,1.0,-1.51568109684248,-0.3414522396297103,3
1,0,1,0.0,0.0,0.0,1.0,0.0,0.0,1.0,1.0,0.0,1.0,0.0,0.0,-1.0018176311955342,0.14488502161245778,3
0,1,0,0.0,0.0,1.0,0.0,0.0,0.0,1.0,1.0,0.0,0.0,1.0,0.0,1.053636231392249,-0.12491978668775715,2
1,0,1,0.0,1.0,0.0,0.0,0.0,0.0,1.0,1.0,0.0,0.0,0.0,1.0,-0.8549994981535498,-0.4601623283443675,2
1,1,1,0.0,0.0,0.0,1.0,0.0,0.0,1.0,1.0,0.0,1.0,0.0,0.0,1.1270452979132413,2.671117778445337,2
1,0,0,0.0,0.0,1.0,0.0,0.0,0.0,1.0,0.0,1.0,1.0,0.0,0.0,1.5674996970391948,-0.11384570873513637,1
1,0,3,0.0,0.0,1.0,0.0,1.0,0.0,0.0,1.0,0.0,0.0,0.0,1.0,-0.4145450990275963,-0.26066180729354516,2
0,0,0,1.0,0.0,0.0,0.0,1.0,0.0,0.0,0.0,1.0,0.0,0.0,1.0,-0.4970343633524355,-0.5028639729296732,1
0,2,0,0.0,1.0,0.0,0.0,0.0,0.0,1.0,0.0,1.0,0.0,0.0,1.0,0.8334090318292722,-0.36435544630444866,1
0,1,0,0.0,1.0,0.0,0.0,0.0,0.0,1.0,0.0,1.0,0.0,1.0,0.0,-0.634772298590573,-0.41687275089321363,1
1,0,0,0.0,0.0,1.0,0.0,0.0,0.0,1.0,1.0,0.0,1.0,0.0,0.0,1.347272497476218,-0.1263453225405672,2
0,8,2,0.0,0.0,0.0,1.0,0.0,0.0,1.0,1.0,0.0,0.0,0.0,1.0,-1.378415909036027,0.7519458402879414,3
0,0,0,0.0,1.0,0.0,0.0,0.0,0.0,1.0,0.0,1.0,0.0,1.0,0.0,-0.4145450990275963,-0.3866707201133388,1
1,0,0,0.0,1.0,0.0,0.0,0.0,0.0,1.0,1.0,0.0,0.0,1.0,0.0,0.9068180983502644,-0.3866707201133388,2
1,1,0,0.0,1.0,0.0,0.0,1.0,0.0,0.0,1.0,0.0,0.0,1.0,0.0,-0.19431789946461947,-0.3693891181010945,3
0,0,0,0.0,0.0,0.0,1.0,0.0,0.0,1.0,0.0,1.0,1.0,0.0,0.0,0.09931836661934956,0.3682954836973478,1
0,0,0,0.0,1.0,0.0,0.0,0.0,0.0,1.0,0.0,1.0,0.0,0.0,1.0,-0.2693501024019035,-0.45714212526638004,1
1,1,1,0.0,1.0,0.0,0.0,0.0,0.0,1.0,0.0,1.0,0.0,0.0,1.0,-1.8827264294474415,-0.4242561406845337,4
0,0,0,1.0,0.0,0.0,0.0,0.0,0.0,1.0,0.0,1.0,0.0,0.0,1.0,-0.26772696598561174,-0.4894421904510968,1
1,1,1,0.0,0.0,0.0,1.0,0.0,0.0,1.0,1.0,0.0,1.0,0.0,0.0,1.2738634309552257,0.40974072380221066,2
0,0,0,1.0,0.0,0.0,0.0,0.0,0.0,1.0,0.0,1.0,1.0,0.0,0.0,0.24613649966133408,-0.5477482176060045,1
0,0,0,0.0,1.0,0.0,0.0,0.0,0.0,1.0,0.0,1.0,0.0,0.0,1.0,1.2738634309552257,-0.46720946885967163,1
1,1,0,0.0,0.0,1.0,0.0,1.0,0.0,0.0,1.0,0.0,0.0,1.0,0.0,-0.12090883294362723,-0.16518916106092355,2
1,0,0,1.0,0.0,0.0,0.0,1.0,0.0,0.0,1.0,0.0,0.0,0.0,1.0,-1.0752266977165266,-0.5029485386158568,3
0,0,0,0.0,1.0,0.0,0.0,0.0,0.0,1.0,0.0,1.0,0.0,0.0,1.0,-0.7081813651115653,-0.45017955043725955,1
0,0,0,1.0,0.0,0.0,0.0,0.0,0.0,1.0,0.0,1.0,0.0,0.0,1.0,-0.7815904316325576,-0.4894421904510968,1
0,0,0,1.0,0.0,0.0,0.0,0.0,0.0,1.0,0.0,1.0,0.0,0.0,1.0,-0.12478437924093588,-0.4894421904510968,1
1,0,1,0.0,0.0,0.0,1.0,1.0,0.0,0.0,1.0,0.0,1.0,0.0,0.0,1.934545029644156,1.0259447039291216,2
1,0,1,0.0,0.0,1.0,0.0,0.0,0.0,1.0,1.0,0.0,0.0,1.0,0.0,-0.341136032506604,-0.12491978668775715,2
0,0,0,1.0,0.0,0.0,0.0,0.0,0.0,1.0,0.0,1.0,0.0,0.0,1.0,0.24613649966133408,-0.4894421904510968,1
0,0,0,0.0,1.0,0.0,0.0,0.0,0.0,1.0,1.0,0.0,0.0,0.0,1.0,-0.5613632320695808,-0.4366711888037809,3
0,0,0,0.0,1.0,0.0,0.0,0.0,0.0,1.0,0.0,1.0,0.0,1.0,0.0,-0.12090883294362723,-0.43700743807979686,1
0,0,0,1.0,0.0,0.0,0.0,0.0,0.0,1.0,0.0,1.0,0.0,0.0,1.0,-0.341136032506604,-0.5064721088735089,1
0,0,5,0.0,0.0,1.0,0.0,0.0,1.0,0.0,1.0,0.0,0.0,0.0,1.0,0.6865908987872876,-0.06199888922968463,2
0,0,0,0.0,1.0,0.0,0.0,0.0,0.0,1.0,0.0,1.0,0.0,1.0,0.0,-0.19431789946461947,-0.3866707201133388,6
1,0,0,0.0,0.0,1.0,0.0,0.0,0.0,1.0,1.0,0.0,1.0,0.0,0.0,-0.7815904316325576,-0.04438103794142432,3
0,1,2,0.0,0.0,1.0,0.0,0.0,0.0,1.0,1.0,0.0,0.0,0.0,1.0,-0.9924249265688819,-0.17626323901354432,3
1,0,0,0.0,0.0,1.0,0.0,1.0,0.0,0.0,0.0,1.0,1.0,0.0,0.0,-0.26772696598561174,-0.04438103794142432,1
0,0,0,1.0,0.0,0.0,0.0,0.0,1.0,0.0,0.0,1.0,0.0,0.0,1.0,0.1727274331403418,-0.49237782784290063,1
